0 verbose cli C:\Program Files\nodejs\node.exe C:\Program Files\nodejs\node_modules\npm\bin\npm-cli.js
1 info using npm@11.13.0
2 info using node@v26.1.0
3 silly config load:file:C:\Program Files\nodejs\node_modules\npm\npmrc
4 silly config load:file:C:\Git\AgentFactory\.worktrees\AF-153\.npmrc
5 silly config load:file:C:\Users\aka\.npmrc
6 silly config load:file:C:\Users\aka\AppData\Roaming\npm\etc\npmrc
7 verbose title npm ci
8 verbose argv "ci" "--cache" ".npm-cache"
9 verbose logfile logs-max:10 dir:C:\Git\AgentFactory\.worktrees\AF-153\.npm-cache\_logs\2026-09-14T21_18_48_452Z-
10 verbose logfile C:\Git\AgentFactory\.worktrees\AF-153\.npm-cache\_logs\2026-09-14T21_18_48_452Z-debug-0.log
11 silly logfile done cleaning log files
12 silly packumentCache heap:4395630592 maxSize:1098907648 maxEntrySize:549453824
13 silly packumentCache heap:4395630592 maxSize:1098907648 maxEntrySize:549453824
14 silly idealTree buildDeps
15 http fetch GET 200 https://registry.npmjs.org/npm 251ms
16 silly reify moves {}
17 silly audit bulk request {
17 silly audit   '@adobe/css-tools': [ '4.5.0' ],
17 silly audit   '@asamuzakjp/css-color': [ '3.2.0' ],
17 silly audit   'lru-cache': [ '10.4.3', '5.1.1' ],
17 silly audit   '@babel/code-frame': [ '7.29.7' ],
17 silly audit   '@babel/compat-data': [ '7.29.7' ],
17 silly audit   '@babel/core': [ '7.29.7' ],
17 silly audit   '@babel/generator': [ '7.29.7' ],
17 silly audit   '@babel/helper-compilation-targets': [ '7.29.7' ],
17 silly audit   '@babel/helper-globals': [ '7.29.7' ],
17 silly audit   '@babel/helper-module-imports': [ '7.29.7' ],
17 silly audit   '@babel/helper-module-transforms': [ '7.29.7' ],
17 silly audit   '@babel/helper-plugin-utils': [ '7.29.7' ],
17 silly audit   '@babel/helper-string-parser': [ '7.29.7' ],
17 silly audit   '@babel/helper-validator-identifier': [ '7.29.7' ],
17 silly audit   '@babel/helper-validator-option': [ '7.29.7' ],
17 silly audit   '@babel/helpers': [ '7.29.7' ],
17 silly audit   '@babel/parser': [ '7.29.7' ],
17 silly audit   '@babel/plugin-transform-react-jsx-self': [ '7.29.7' ],
17 silly audit   '@babel/plugin-transform-react-jsx-source': [ '7.29.7' ],
17 silly audit   '@babel/runtime': [ '7.29.7' ],
17 silly audit   '@babel/template': [ '7.29.7' ],
17 silly audit   '@babel/traverse': [ '7.29.7' ],
17 silly audit   '@babel/types': [ '7.29.7' ],
17 silly audit   '@csstools/color-helpers': [ '5.1.0' ],
17 silly audit   '@csstools/css-calc': [ '2.1.4' ],
17 silly audit   '@csstools/css-color-parser': [ '3.1.0' ],
17 silly audit   '@csstools/css-parser-algorithms': [ '3.0.5' ],
17 silly audit   '@csstools/css-tokenizer': [ '3.0.4' ],
17 silly audit   '@esbuild/aix-ppc64': [ '0.28.0', '0.21.5' ],
17 silly audit   '@esbuild/android-arm': [ '0.28.0', '0.21.5' ],
17 silly audit   '@esbuild/android-arm64': [ '0.28.0', '0.21.5' ],
17 silly audit   '@esbuild/android-x64': [ '0.28.0', '0.21.5' ],
17 silly audit   '@esbuild/darwin-arm64': [ '0.28.0', '0.21.5' ],
17 silly audit   '@esbuild/darwin-x64': [ '0.28.0', '0.21.5' ],
17 silly audit   '@esbuild/freebsd-arm64': [ '0.28.0', '0.21.5' ],
17 silly audit   '@esbuild/freebsd-x64': [ '0.28.0', '0.21.5' ],
17 silly audit   '@esbuild/linux-arm': [ '0.28.0', '0.21.5' ],
17 silly audit   '@esbuild/linux-arm64': [ '0.28.0', '0.21.5' ],
17 silly audit   '@esbuild/linux-ia32': [ '0.28.0', '0.21.5' ],
17 silly audit   '@esbuild/linux-loong64': [ '0.28.0', '0.21.5' ],
17 silly audit   '@esbuild/linux-mips64el': [ '0.28.0', '0.21.5' ],
17 silly audit   '@esbuild/linux-ppc64': [ '0.28.0', '0.21.5' ],
17 silly audit   '@esbuild/linux-riscv64': [ '0.28.0', '0.21.5' ],
17 silly audit   '@esbuild/linux-s390x': [ '0.28.0', '0.21.5' ],
17 silly audit   '@esbuild/linux-x64': [ '0.28.0', '0.21.5' ],
17 silly audit   '@esbuild/netbsd-arm64': [ '0.28.0' ],
17 silly audit   '@esbuild/netbsd-x64': [ '0.28.0', '0.21.5' ],
17 silly audit   '@esbuild/openbsd-arm64': [ '0.28.0' ],
17 silly audit   '@esbuild/openbsd-x64': [ '0.28.0', '0.21.5' ],
17 silly audit   '@esbuild/openharmony-arm64': [ '0.28.0' ],
17 silly audit   '@esbuild/sunos-x64': [ '0.28.0', '0.21.5' ],
17 silly audit   '@esbuild/win32-arm64': [ '0.28.0', '0.21.5' ],
17 silly audit   '@esbuild/win32-ia32': [ '0.28.0', '0.21.5' ],
17 silly audit   '@esbuild/win32-x64': [ '0.28.0', '0.21.5' ],
17 silly audit   '@hono/node-server': [ '1.19.14' ],
17 silly audit   '@hono/zod-validator': [ '0.4.3' ],
17 silly audit   '@jridgewell/gen-mapping': [ '0.3.13' ],
17 silly audit   '@jridgewell/remapping': [ '2.3.5' ],
17 silly audit   '@jridgewell/resolve-uri': [ '3.1.2' ],
17 silly audit   '@jridgewell/sourcemap-codec': [ '1.5.5' ],
17 silly audit   '@jridgewell/trace-mapping': [ '0.3.31' ],
17 silly audit   '@modelcontextprotocol/sdk': [ '1.29.0' ],
17 silly audit   '@rolldown/pluginutils': [ '1.0.0-beta.27' ],
17 silly audit   '@rollup/rollup-android-arm-eabi': [ '4.61.1' ],
17 silly audit   '@rollup/rollup-android-arm64': [ '4.61.1' ],
17 silly audit   '@rollup/rollup-darwin-arm64': [ '4.61.1' ],
17 silly audit   '@rollup/rollup-darwin-x64': [ '4.61.1' ],
17 silly audit   '@rollup/rollup-freebsd-arm64': [ '4.61.1' ],
17 silly audit   '@rollup/rollup-freebsd-x64': [ '4.61.1' ],
17 silly audit   '@rollup/rollup-linux-arm-gnueabihf': [ '4.61.1' ],
17 silly audit   '@rollup/rollup-linux-arm-musleabihf': [ '4.61.1' ],
17 silly audit   '@rollup/rollup-linux-arm64-gnu': [ '4.61.1' ],
17 silly audit   '@rollup/rollup-linux-arm64-musl': [ '4.61.1' ],
17 silly audit   '@rollup/rollup-linux-loong64-gnu': [ '4.61.1' ],
17 silly audit   '@rollup/rollup-linux-loong64-musl': [ '4.61.1' ],
17 silly audit   '@rollup/rollup-linux-ppc64-gnu': [ '4.61.1' ],
17 silly audit   '@rollup/rollup-linux-ppc64-musl': [ '4.61.1' ],
17 silly audit   '@rollup/rollup-linux-riscv64-gnu': [ '4.61.1' ],
17 silly audit   '@rollup/rollup-linux-riscv64-musl': [ '4.61.1' ],
17 silly audit   '@rollup/rollup-linux-s390x-gnu': [ '4.61.1' ],
17 silly audit   '@rollup/rollup-linux-x64-gnu': [ '4.61.1' ],
17 silly audit   '@rollup/rollup-linux-x64-musl': [ '4.61.1' ],
17 silly audit   '@rollup/rollup-openbsd-x64': [ '4.61.1' ],
17 silly audit   '@rollup/rollup-openharmony-arm64': [ '4.61.1' ],
17 silly audit   '@rollup/rollup-win32-arm64-msvc': [ '4.61.1' ],
17 silly audit   '@rollup/rollup-win32-ia32-msvc': [ '4.61.1' ],
17 silly audit   '@rollup/rollup-win32-x64-gnu': [ '4.61.1' ],
17 silly audit   '@rollup/rollup-win32-x64-msvc': [ '4.61.1' ],
17 silly audit   '@testing-library/dom': [ '10.4.1' ],
17 silly audit   '@testing-library/jest-dom': [ '6.9.1' ],
17 silly audit   'dom-accessibility-api': [ '0.6.3', '0.5.16' ],
17 silly audit   '@testing-library/react': [ '16.3.2' ],
17 silly audit   '@testing-library/user-event': [ '14.6.1' ],
17 silly audit   '@types/aria-query': [ '5.0.4' ],
17 silly audit   '@types/babel__core': [ '7.20.5' ],
17 silly audit   '@types/babel__generator': [ '7.27.0' ],
17 silly audit   '@types/babel__template': [ '7.4.4' ],
17 silly audit   '@types/babel__traverse': [ '7.28.0' ],
17 silly audit   '@types/estree': [ '1.0.9' ],
17 silly audit   '@types/node': [ '24.13.1' ],
17 silly audit   '@types/react': [ '19.2.17' ],
17 silly audit   '@types/react-dom': [ '19.2.3' ],
17 silly audit   '@vitejs/plugin-react': [ '4.7.0' ],
17 silly audit   '@vitest/expect': [ '2.1.9' ],
17 silly audit   '@vitest/mocker': [ '2.1.9' ],
17 silly audit   '@vitest/pretty-format': [ '2.1.9' ],
17 silly audit   '@vitest/runner': [ '2.1.9' ],
17 silly audit   '@vitest/snapshot': [ '2.1.9' ],
17 silly audit   '@vitest/spy': [ '2.1.9' ],
17 silly audit   '@vitest/utils': [ '2.1.9' ],
17 silly audit   accepts: [ '2.0.0' ],
17 silly audit   'agent-base': [ '7.1.4' ],
17 silly audit   ajv: [ '8.20.0' ],
17 silly audit   'ajv-formats': [ '3.0.1' ],
17 silly audit   'ansi-regex': [ '5.0.1', '6.2.2' ],
17 silly audit   'ansi-styles': [ '5.2.0', '6.2.3' ],
17 silly audit   'aria-query': [ '5.3.0' ],
17 silly audit   'assertion-error': [ '2.0.1' ],
17 silly audit   asynckit: [ '0.4.0' ],
17 silly audit   'baseline-browser-mapping': [ '2.10.35' ],
17 silly audit   'body-parser': [ '2.2.2' ],
17 silly audit   browserslist: [ '4.28.2' ],
17 silly audit   bytes: [ '3.1.2' ],
17 silly audit   cac: [ '6.7.14' ],
17 silly audit   'call-bind-apply-helpers': [ '1.0.2' ],
17 silly audit   'call-bound': [ '1.0.4' ],
17 silly audit   'caniuse-lite': [ '1.0.30001797' ],
17 silly audit   chai: [ '5.3.3' ],
17 silly audit   chalk: [ '5.6.2' ],
17 silly audit   'check-error': [ '2.1.3' ],
17 silly audit   cliui: [ '9.0.1' ],
17 silly audit   'combined-stream': [ '1.0.8' ],
17 silly audit   concurrently: [ '10.0.3' ],
17 silly audit   'content-disposition': [ '1.1.0' ],
17 silly audit   'content-type': [ '1.0.5', '2.0.0' ],
17 silly audit   'convert-source-map': [ '2.0.0' ],
17 silly audit   cookie: [ '0.7.2' ],
17 silly audit   'cookie-signature': [ '1.2.2' ],
17 silly audit   cors: [ '2.8.6' ],
17 silly audit   'cross-spawn': [ '7.0.6' ],
17 silly audit   'css.escape': [ '1.5.1' ],
17 silly audit   cssstyle: [ '4.6.0' ],
17 silly audit   'rrweb-cssom': [ '0.8.0', '0.7.1' ],
17 silly audit   csstype: [ '3.2.3' ],
17 silly audit   'data-urls': [ '5.0.0' ],
17 silly audit   debug: [ '4.4.3' ],
17 silly audit   'decimal.js': [ '10.6.0' ],
17 silly audit   'deep-eql': [ '5.0.2' ],
17 silly audit   'delayed-stream': [ '1.0.0' ],
17 silly audit   depd: [ '2.0.0' ],
17 silly audit   dequal: [ '2.0.3' ],
17 silly audit   'dunder-proto': [ '1.0.1' ],
17 silly audit   'ee-first': [ '1.1.1' ],
17 silly audit   'electron-to-chromium': [ '1.5.370' ],
17 silly audit   'emoji-regex': [ '10.6.0' ],
17 silly audit   encodeurl: [ '2.0.0' ],
17 silly audit   entities: [ '6.0.1' ],
17 silly audit   'es-define-property': [ '1.0.1' ],
17 silly audit   'es-errors': [ '1.3.0' ],
17 silly audit   'es-module-lexer': [ '1.7.0' ],
17 silly audit   'es-object-atoms': [ '1.1.2' ],
17 silly audit   'es-set-tostringtag': [ '2.1.0' ],
17 silly audit   esbuild: [ '0.28.0', '0.21.5' ],
17 silly audit   escalade: [ '3.2.0' ],
17 silly audit   'escape-html': [ '1.0.3' ],
17 silly audit   'estree-walker': [ '3.0.3' ],
17 silly audit   etag: [ '1.8.1' ],
17 silly audit   eventsource: [ '3.0.7' ],
17 silly audit   'eventsource-parser': [ '3.1.0' ],
17 silly audit   'expect-type': [ '1.3.0' ],
17 silly audit   express: [ '5.2.1' ],
17 silly audit   'express-rate-limit': [ '8.5.2' ],
17 silly audit   'fast-deep-equal': [ '3.1.3' ],
17 silly audit   'fast-uri': [ '3.1.2' ],
17 silly audit   finalhandler: [ '2.1.1' ],
17 silly audit   'form-data': [ '4.0.5' ],
17 silly audit   'mime-db': [ '1.52.0', '1.54.0' ],
17 silly audit   'mime-types': [ '2.1.35', '3.0.2' ],
17 silly audit   forwarded: [ '0.2.0' ],
17 silly audit   fresh: [ '2.0.0' ],
17 silly audit   fsevents: [ '2.3.3' ],
17 silly audit   'function-bind': [ '1.1.2' ],
17 silly audit   gensync: [ '1.0.0-beta.2' ],
17 silly audit   'get-caller-file': [ '2.0.5' ],
17 silly audit   'get-east-asian-width': [ '1.6.0' ],
17 silly audit   'get-intrinsic': [ '1.3.0' ],
17 silly audit   'get-proto': [ '1.0.1' ],
17 silly audit   gopd: [ '1.2.0' ],
17 silly audit   'has-symbols': [ '1.1.0' ],
17 silly audit   'has-tostringtag': [ '1.0.2' ],
17 silly audit   hasown: [ '2.0.4' ],
17 silly audit   hono: [ '4.12.25' ],
17 silly audit   'html-encoding-sniffer': [ '4.0.0' ],
17 silly audit   'http-errors': [ '2.0.1' ],
17 silly audit   'http-proxy-agent': [ '7.0.2' ],
17 silly audit   'https-proxy-agent': [ '7.0.6' ],
17 silly audit   'iconv-lite': [ '0.7.2', '0.6.3' ],
17 silly audit   'indent-string': [ '4.0.0' ],
17 silly audit   inherits: [ '2.0.4' ],
17 silly audit   'ip-address': [ '10.2.0' ],
17 silly audit   'ipaddr.js': [ '1.9.1' ],
17 silly audit   'is-potential-custom-element-name': [ '1.0.1' ],
17 silly audit   'is-promise': [ '4.0.0' ],
17 silly audit   isexe: [ '2.0.0' ],
17 silly audit   jose: [ '6.2.3' ],
17 silly audit   'js-tokens': [ '4.0.0' ],
17 silly audit   jsdom: [ '25.0.1' ],
17 silly audit   jsesc: [ '3.1.0' ],
17 silly audit   'json-schema-traverse': [ '1.0.0' ],
17 silly audit   'json-schema-typed': [ '8.0.2' ],
17 silly audit   json5: [ '2.2.3' ],
17 silly audit   loupe: [ '3.2.1' ],
17 silly audit   'lz-string': [ '1.5.0' ],
17 silly audit   'magic-string': [ '0.30.21' ],
17 silly audit   'math-intrinsics': [ '1.1.0' ],
17 silly audit   'media-typer': [ '1.1.0' ],
17 silly audit   'merge-descriptors': [ '2.0.0' ],
17 silly audit   'min-indent': [ '1.0.1' ],
17 silly audit   ms: [ '2.1.3' ],
17 silly audit   nanoid: [ '3.3.12' ],
17 silly audit   negotiator: [ '1.0.0' ],
17 silly audit   'node-releases': [ '2.0.47' ],
17 silly audit   nwsapi: [ '2.2.24' ],
17 silly audit   'object-assign': [ '4.1.1' ],
17 silly audit   'object-inspect': [ '1.13.4' ],
17 silly audit   'on-finished': [ '2.4.1' ],
17 silly audit   once: [ '1.4.0' ],
17 silly audit   parse5: [ '7.3.0' ],
17 silly audit   parseurl: [ '1.3.3' ],
17 silly audit   'path-key': [ '3.1.1' ],
17 silly audit   'path-to-regexp': [ '8.4.2' ],
17 silly audit   pathe: [ '1.1.2' ],
17 silly audit   pathval: [ '2.0.1' ],
17 silly audit   picocolors: [ '1.1.1' ],
17 silly audit   'pkce-challenge': [ '5.0.1' ],
17 silly audit   postcss: [ '8.5.15' ],
17 silly audit   'pretty-format': [ '27.5.1' ],
17 silly audit   'proxy-addr': [ '2.0.7' ],
17 silly audit   punycode: [ '2.3.1' ],
17 silly audit   qs: [ '6.15.2' ],
17 silly audit   'range-parser': [ '1.2.1' ],
17 silly audit   'raw-body': [ '3.0.2' ],
17 silly audit   react: [ '19.2.7' ],
17 silly audit   'react-dom': [ '19.2.7' ],
17 silly audit   'react-is': [ '17.0.2' ],
17 silly audit   'react-refresh': [ '0.17.0' ],
17 silly audit   redent: [ '3.0.0' ],
17 silly audit   'require-from-string': [ '2.0.2' ],
17 silly audit   rollup: [ '4.61.1' ],
17 silly audit   router: [ '2.2.0' ],
17 silly audit   rxjs: [ '7.8.2' ],
17 silly audit   'safer-buffer': [ '2.1.2' ],
17 silly audit   saxes: [ '6.0.0' ],
17 silly audit   scheduler: [ '0.27.0' ],
17 silly audit   semver: [ '6.3.1' ],
17 silly audit   send: [ '1.2.1' ],
17 silly audit   'serve-static': [ '2.2.1' ],
17 silly audit   setprototypeof: [ '1.2.0' ],
17 silly audit   'shebang-command': [ '2.0.0' ],
17 silly audit   'shebang-regex': [ '3.0.0' ],
17 silly audit   'shell-quote': [ '1.8.4' ],
17 silly audit   'side-channel': [ '1.1.1' ],
17 silly audit   'side-channel-list': [ '1.0.1' ],
17 silly audit   'side-channel-map': [ '1.0.1' ],
17 silly audit   'side-channel-weakmap': [ '1.0.2' ],
17 silly audit   siginfo: [ '2.0.0' ],
17 silly audit   'source-map-js': [ '1.2.1' ],
17 silly audit   stackback: [ '0.0.2' ],
17 silly audit   statuses: [ '2.0.2' ],
17 silly audit   'std-env': [ '3.10.0' ],
17 silly audit   'string-width': [ '7.2.0' ],
17 silly audit   'strip-ansi': [ '7.2.0' ],
17 silly audit   'strip-indent': [ '3.0.0' ],
17 silly audit   'supports-color': [ '10.2.2' ],
17 silly audit   'symbol-tree': [ '3.2.4' ],
17 silly audit   tinybench: [ '2.9.0' ],
17 silly audit   tinyexec: [ '0.3.2' ],
17 silly audit   tinypool: [ '1.1.1' ],
17 silly audit   tinyrainbow: [ '1.2.0' ],
17 silly audit   tinyspy: [ '3.0.2' ],
17 silly audit   tldts: [ '6.1.86' ],
17 silly audit   'tldts-core': [ '6.1.86' ],
17 silly audit   toidentifier: [ '1.0.1' ],
17 silly audit   'tough-cookie': [ '5.1.2' ],
17 silly audit   tr46: [ '5.1.1' ],
17 silly audit   'tree-kill': [ '1.2.2' ],
17 silly audit   tslib: [ '2.8.1' ],
17 silly audit   tsx: [ '4.22.4' ],
17 silly audit   'type-is': [ '2.1.0' ],
17 silly audit   typescript: [ '5.9.3' ],
17 silly audit   'undici-types': [ '7.18.2' ],
17 silly audit   unpipe: [ '1.0.0' ],
17 silly audit   'update-browserslist-db': [ '1.2.3' ],
17 silly audit   vary: [ '1.1.2' ],
17 silly audit   vite: [ '5.4.21' ],
17 silly audit   'vite-node': [ '2.1.9' ],
17 silly audit   vitest: [ '2.1.9' ],
17 silly audit   'w3c-xmlserializer': [ '5.0.0' ],
17 silly audit   'webidl-conversions': [ '7.0.0' ],
17 silly audit   'whatwg-encoding': [ '3.1.1' ],
17 silly audit   'whatwg-mimetype': [ '4.0.0' ],
17 silly audit   'whatwg-url': [ '14.2.0' ],
17 silly audit   which: [ '2.0.2' ],
17 silly audit   'why-is-node-running': [ '2.3.0' ],
17 silly audit   'wrap-ansi': [ '9.0.2' ],
17 silly audit   wrappy: [ '1.0.2' ],
17 silly audit   ws: [ '8.21.0' ],
17 silly audit   'xml-name-validator': [ '5.0.0' ],
17 silly audit   xmlchars: [ '2.2.0' ],
17 silly audit   y18n: [ '5.0.8' ],
17 silly audit   yallist: [ '3.1.1' ],
17 silly audit   yargs: [ '18.0.0' ],
17 silly audit   'yargs-parser': [ '22.0.0' ],
17 silly audit   zod: [ '3.25.76' ],
17 silly audit   'zod-to-json-schema': [ '3.25.2' ]
17 silly audit }
18 http cache zod@https://registry.npmjs.org/zod/-/zod-3.25.76.tgz 2ms (cache hit)
19 http cache zod-to-json-schema@https://registry.npmjs.org/zod-to-json-schema/-/zod-to-json-schema-3.25.2.tgz 1ms (cache hit)
20 http cache yargs@https://registry.npmjs.org/yargs/-/yargs-18.0.0.tgz 0ms (cache hit)
21 http cache yargs-parser@https://registry.npmjs.org/yargs-parser/-/yargs-parser-22.0.0.tgz 0ms (cache hit)
22 http cache yallist@https://registry.npmjs.org/yallist/-/yallist-3.1.1.tgz 0ms (cache hit)
23 http cache y18n@https://registry.npmjs.org/y18n/-/y18n-5.0.8.tgz 0ms (cache hit)
24 http cache xml-name-validator@https://registry.npmjs.org/xml-name-validator/-/xml-name-validator-5.0.0.tgz 0ms (cache hit)
25 http cache xmlchars@https://registry.npmjs.org/xmlchars/-/xmlchars-2.2.0.tgz 0ms (cache hit)
26 http cache ws@https://registry.npmjs.org/ws/-/ws-8.21.0.tgz 0ms (cache hit)
27 http cache whatwg-url@https://registry.npmjs.org/whatwg-url/-/whatwg-url-14.2.0.tgz 0ms (cache hit)
28 http cache wrappy@https://registry.npmjs.org/wrappy/-/wrappy-1.0.2.tgz 0ms (cache hit)
29 http cache wrap-ansi@https://registry.npmjs.org/wrap-ansi/-/wrap-ansi-9.0.2.tgz 0ms (cache hit)
30 http cache which@https://registry.npmjs.org/which/-/which-2.0.2.tgz 0ms (cache hit)
31 http cache why-is-node-running@https://registry.npmjs.org/why-is-node-running/-/why-is-node-running-2.3.0.tgz 0ms (cache hit)
32 http cache whatwg-mimetype@https://registry.npmjs.org/whatwg-mimetype/-/whatwg-mimetype-4.0.0.tgz 0ms (cache hit)
33 http cache whatwg-encoding@https://registry.npmjs.org/whatwg-encoding/-/whatwg-encoding-3.1.1.tgz 0ms (cache hit)
34 http cache w3c-xmlserializer@https://registry.npmjs.org/w3c-xmlserializer/-/w3c-xmlserializer-5.0.0.tgz 0ms (cache hit)
35 http cache vite-node@https://registry.npmjs.org/vite-node/-/vite-node-2.1.9.tgz 0ms (cache hit)
36 http cache vitest@https://registry.npmjs.org/vitest/-/vitest-2.1.9.tgz 0ms (cache hit)
37 http cache vary@https://registry.npmjs.org/vary/-/vary-1.1.2.tgz 0ms (cache hit)
38 http cache webidl-conversions@https://registry.npmjs.org/webidl-conversions/-/webidl-conversions-7.0.0.tgz 0ms (cache hit)
39 http cache vite@https://registry.npmjs.org/vite/-/vite-5.4.21.tgz 0ms (cache hit)
40 http cache unpipe@https://registry.npmjs.org/unpipe/-/unpipe-1.0.0.tgz 0ms (cache hit)
41 http cache undici-types@https://registry.npmjs.org/undici-types/-/undici-types-7.18.2.tgz 0ms (cache hit)
42 http cache typescript@https://registry.npmjs.org/typescript/-/typescript-5.9.3.tgz 0ms (cache hit)
43 http cache type-is@https://registry.npmjs.org/type-is/-/type-is-2.1.0.tgz 0ms (cache hit)
44 http cache tslib@https://registry.npmjs.org/tslib/-/tslib-2.8.1.tgz 0ms (cache hit)
45 http cache tsx@https://registry.npmjs.org/tsx/-/tsx-4.22.4.tgz 0ms (cache hit)
46 http cache update-browserslist-db@https://registry.npmjs.org/update-browserslist-db/-/update-browserslist-db-1.2.3.tgz 0ms (cache hit)
47 http cache tree-kill@https://registry.npmjs.org/tree-kill/-/tree-kill-1.2.2.tgz 0ms (cache hit)
48 http cache tr46@https://registry.npmjs.org/tr46/-/tr46-5.1.1.tgz 0ms (cache hit)
49 http cache tldts-core@https://registry.npmjs.org/tldts-core/-/tldts-core-6.1.86.tgz 0ms (cache hit)
50 http cache tough-cookie@https://registry.npmjs.org/tough-cookie/-/tough-cookie-5.1.2.tgz 0ms (cache hit)
51 http cache tldts@https://registry.npmjs.org/tldts/-/tldts-6.1.86.tgz 0ms (cache hit)
52 http cache toidentifier@https://registry.npmjs.org/toidentifier/-/toidentifier-1.0.1.tgz 0ms (cache hit)
53 http cache tinyspy@https://registry.npmjs.org/tinyspy/-/tinyspy-3.0.2.tgz 0ms (cache hit)
54 http cache tinypool@https://registry.npmjs.org/tinypool/-/tinypool-1.1.1.tgz 0ms (cache hit)
55 http cache tinyrainbow@https://registry.npmjs.org/tinyrainbow/-/tinyrainbow-1.2.0.tgz 0ms (cache hit)
56 http cache tinybench@https://registry.npmjs.org/tinybench/-/tinybench-2.9.0.tgz 0ms (cache hit)
57 http cache symbol-tree@https://registry.npmjs.org/symbol-tree/-/symbol-tree-3.2.4.tgz 0ms (cache hit)
58 http cache tinyexec@https://registry.npmjs.org/tinyexec/-/tinyexec-0.3.2.tgz 0ms (cache hit)
59 http cache strip-indent@https://registry.npmjs.org/strip-indent/-/strip-indent-3.0.0.tgz 0ms (cache hit)
60 http cache supports-color@https://registry.npmjs.org/supports-color/-/supports-color-10.2.2.tgz 0ms (cache hit)
61 http cache strip-ansi@https://registry.npmjs.org/strip-ansi/-/strip-ansi-7.2.0.tgz 0ms (cache hit)
62 http cache string-width@https://registry.npmjs.org/string-width/-/string-width-7.2.0.tgz 0ms (cache hit)
63 http cache std-env@https://registry.npmjs.org/std-env/-/std-env-3.10.0.tgz 0ms (cache hit)
64 http cache statuses@https://registry.npmjs.org/statuses/-/statuses-2.0.2.tgz 0ms (cache hit)
65 http cache source-map-js@https://registry.npmjs.org/source-map-js/-/source-map-js-1.2.1.tgz 0ms (cache hit)
66 http cache siginfo@https://registry.npmjs.org/siginfo/-/siginfo-2.0.0.tgz 0ms (cache hit)
67 http cache side-channel-weakmap@https://registry.npmjs.org/side-channel-weakmap/-/side-channel-weakmap-1.0.2.tgz 0ms (cache hit)
68 http cache stackback@https://registry.npmjs.org/stackback/-/stackback-0.0.2.tgz 0ms (cache hit)
69 http cache side-channel-list@https://registry.npmjs.org/side-channel-list/-/side-channel-list-1.0.1.tgz 0ms (cache hit)
70 http cache side-channel@https://registry.npmjs.org/side-channel/-/side-channel-1.1.1.tgz 0ms (cache hit)
71 http cache side-channel-map@https://registry.npmjs.org/side-channel-map/-/side-channel-map-1.0.1.tgz 0ms (cache hit)
72 http cache shell-quote@https://registry.npmjs.org/shell-quote/-/shell-quote-1.8.4.tgz 0ms (cache hit)
73 http cache shebang-regex@https://registry.npmjs.org/shebang-regex/-/shebang-regex-3.0.0.tgz 0ms (cache hit)
74 http cache shebang-command@https://registry.npmjs.org/shebang-command/-/shebang-command-2.0.0.tgz 0ms (cache hit)
75 http cache setprototypeof@https://registry.npmjs.org/setprototypeof/-/setprototypeof-1.2.0.tgz 0ms (cache hit)
76 http cache send@https://registry.npmjs.org/send/-/send-1.2.1.tgz 0ms (cache hit)
77 http cache serve-static@https://registry.npmjs.org/serve-static/-/serve-static-2.2.1.tgz 0ms (cache hit)
78 http cache scheduler@https://registry.npmjs.org/scheduler/-/scheduler-0.27.0.tgz 0ms (cache hit)
79 http cache saxes@https://registry.npmjs.org/saxes/-/saxes-6.0.0.tgz 0ms (cache hit)
80 http cache semver@https://registry.npmjs.org/semver/-/semver-6.3.1.tgz 0ms (cache hit)
81 http cache rxjs@https://registry.npmjs.org/rxjs/-/rxjs-7.8.2.tgz 0ms (cache hit)
82 http cache rrweb-cssom@https://registry.npmjs.org/rrweb-cssom/-/rrweb-cssom-0.7.1.tgz 0ms (cache hit)
83 http cache router@https://registry.npmjs.org/router/-/router-2.2.0.tgz 0ms (cache hit)
84 http cache rollup@https://registry.npmjs.org/rollup/-/rollup-4.61.1.tgz 0ms (cache hit)
85 http cache react-refresh@https://registry.npmjs.org/react-refresh/-/react-refresh-0.17.0.tgz 0ms (cache hit)
86 http cache redent@https://registry.npmjs.org/redent/-/redent-3.0.0.tgz 0ms (cache hit)
87 http cache require-from-string@https://registry.npmjs.org/require-from-string/-/require-from-string-2.0.2.tgz 0ms (cache hit)
88 http cache react-is@https://registry.npmjs.org/react-is/-/react-is-17.0.2.tgz 0ms (cache hit)
89 http cache react-dom@https://registry.npmjs.org/react-dom/-/react-dom-19.2.7.tgz 0ms (cache hit)
90 http cache raw-body@https://registry.npmjs.org/raw-body/-/raw-body-3.0.2.tgz 0ms (cache hit)
91 http cache react@https://registry.npmjs.org/react/-/react-19.2.7.tgz 0ms (cache hit)
92 http cache range-parser@https://registry.npmjs.org/range-parser/-/range-parser-1.2.1.tgz 0ms (cache hit)
93 http cache qs@https://registry.npmjs.org/qs/-/qs-6.15.2.tgz 0ms (cache hit)
94 http cache proxy-addr@https://registry.npmjs.org/proxy-addr/-/proxy-addr-2.0.7.tgz 0ms (cache hit)
95 http cache punycode@https://registry.npmjs.org/punycode/-/punycode-2.3.1.tgz 0ms (cache hit)
96 http cache pretty-format@https://registry.npmjs.org/pretty-format/-/pretty-format-27.5.1.tgz 0ms (cache hit)
97 http cache picocolors@https://registry.npmjs.org/picocolors/-/picocolors-1.1.1.tgz 0ms (cache hit)
98 http cache pathval@https://registry.npmjs.org/pathval/-/pathval-2.0.1.tgz 0ms (cache hit)
99 http cache pkce-challenge@https://registry.npmjs.org/pkce-challenge/-/pkce-challenge-5.0.1.tgz 0ms (cache hit)
100 http cache safer-buffer@https://registry.npmjs.org/safer-buffer/-/safer-buffer-2.1.2.tgz 0ms (cache hit)
101 http cache pathe@https://registry.npmjs.org/pathe/-/pathe-1.1.2.tgz 0ms (cache hit)
102 http cache path-to-regexp@https://registry.npmjs.org/path-to-regexp/-/path-to-regexp-8.4.2.tgz 0ms (cache hit)
103 http cache path-key@https://registry.npmjs.org/path-key/-/path-key-3.1.1.tgz 0ms (cache hit)
104 http cache parseurl@https://registry.npmjs.org/parseurl/-/parseurl-1.3.3.tgz 0ms (cache hit)
105 http cache parse5@https://registry.npmjs.org/parse5/-/parse5-7.3.0.tgz 0ms (cache hit)
106 http cache once@https://registry.npmjs.org/once/-/once-1.4.0.tgz 0ms (cache hit)
107 http cache on-finished@https://registry.npmjs.org/on-finished/-/on-finished-2.4.1.tgz 0ms (cache hit)
108 http cache object-inspect@https://registry.npmjs.org/object-inspect/-/object-inspect-1.13.4.tgz 0ms (cache hit)
109 http cache object-assign@https://registry.npmjs.org/object-assign/-/object-assign-4.1.1.tgz 0ms (cache hit)
110 http cache node-releases@https://registry.npmjs.org/node-releases/-/node-releases-2.0.47.tgz 0ms (cache hit)
111 http cache mime-types@https://registry.npmjs.org/mime-types/-/mime-types-3.0.2.tgz 0ms (cache hit)
112 http cache negotiator@https://registry.npmjs.org/negotiator/-/negotiator-1.0.0.tgz 0ms (cache hit)
113 http cache min-indent@https://registry.npmjs.org/min-indent/-/min-indent-1.0.1.tgz 0ms (cache hit)
114 http cache nwsapi@https://registry.npmjs.org/nwsapi/-/nwsapi-2.2.24.tgz 0ms (cache hit)
115 http cache ms@https://registry.npmjs.org/ms/-/ms-2.1.3.tgz 0ms (cache hit)
116 http cache postcss@https://registry.npmjs.org/postcss/-/postcss-8.5.15.tgz 0ms (cache hit)
117 http cache mime-db@https://registry.npmjs.org/mime-db/-/mime-db-1.54.0.tgz 0ms (cache hit)
118 http cache merge-descriptors@https://registry.npmjs.org/merge-descriptors/-/merge-descriptors-2.0.0.tgz 0ms (cache hit)
119 http cache math-intrinsics@https://registry.npmjs.org/math-intrinsics/-/math-intrinsics-1.1.0.tgz 1ms (cache hit)
120 http cache media-typer@https://registry.npmjs.org/media-typer/-/media-typer-1.1.0.tgz 0ms (cache hit)
121 http cache magic-string@https://registry.npmjs.org/magic-string/-/magic-string-0.30.21.tgz 0ms (cache hit)
122 http cache lz-string@https://registry.npmjs.org/lz-string/-/lz-string-1.5.0.tgz 0ms (cache hit)
123 http cache nanoid@https://registry.npmjs.org/nanoid/-/nanoid-3.3.12.tgz 0ms (cache hit)
124 http cache lru-cache@https://registry.npmjs.org/lru-cache/-/lru-cache-5.1.1.tgz 0ms (cache hit)
125 http cache loupe@https://registry.npmjs.org/loupe/-/loupe-3.2.1.tgz 0ms (cache hit)
126 http cache json5@https://registry.npmjs.org/json5/-/json5-2.2.3.tgz 0ms (cache hit)
127 http cache json-schema-traverse@https://registry.npmjs.org/json-schema-traverse/-/json-schema-traverse-1.0.0.tgz 0ms (cache hit)
128 http cache jsesc@https://registry.npmjs.org/jsesc/-/jsesc-3.1.0.tgz 0ms (cache hit)
129 http cache jsdom@https://registry.npmjs.org/jsdom/-/jsdom-25.0.1.tgz 0ms (cache hit)
130 http cache isexe@https://registry.npmjs.org/isexe/-/isexe-2.0.0.tgz 0ms (cache hit)
131 http cache js-tokens@https://registry.npmjs.org/js-tokens/-/js-tokens-4.0.0.tgz 0ms (cache hit)
132 http cache json-schema-typed@https://registry.npmjs.org/json-schema-typed/-/json-schema-typed-8.0.2.tgz 0ms (cache hit)
133 http cache jose@https://registry.npmjs.org/jose/-/jose-6.2.3.tgz 0ms (cache hit)
134 http cache is-promise@https://registry.npmjs.org/is-promise/-/is-promise-4.0.0.tgz 0ms (cache hit)
135 http cache ipaddr.js@https://registry.npmjs.org/ipaddr.js/-/ipaddr.js-1.9.1.tgz 0ms (cache hit)
136 http cache inherits@https://registry.npmjs.org/inherits/-/inherits-2.0.4.tgz 0ms (cache hit)
137 http cache ip-address@https://registry.npmjs.org/ip-address/-/ip-address-10.2.0.tgz 0ms (cache hit)
138 http cache indent-string@https://registry.npmjs.org/indent-string/-/indent-string-4.0.0.tgz 0ms (cache hit)
139 http cache https-proxy-agent@https://registry.npmjs.org/https-proxy-agent/-/https-proxy-agent-7.0.6.tgz 0ms (cache hit)
140 http cache iconv-lite@https://registry.npmjs.org/iconv-lite/-/iconv-lite-0.7.2.tgz 0ms (cache hit)
141 http cache http-proxy-agent@https://registry.npmjs.org/http-proxy-agent/-/http-proxy-agent-7.0.2.tgz 0ms (cache hit)
142 http cache http-errors@https://registry.npmjs.org/http-errors/-/http-errors-2.0.1.tgz 0ms (cache hit)
143 http cache html-encoding-sniffer@https://registry.npmjs.org/html-encoding-sniffer/-/html-encoding-sniffer-4.0.0.tgz 0ms (cache hit)
144 http cache hono@https://registry.npmjs.org/hono/-/hono-4.12.25.tgz 0ms (cache hit)
145 http cache has-symbols@https://registry.npmjs.org/has-symbols/-/has-symbols-1.1.0.tgz 0ms (cache hit)
146 http cache hasown@https://registry.npmjs.org/hasown/-/hasown-2.0.4.tgz 0ms (cache hit)
147 http cache has-tostringtag@https://registry.npmjs.org/has-tostringtag/-/has-tostringtag-1.0.2.tgz 0ms (cache hit)
148 http cache gopd@https://registry.npmjs.org/gopd/-/gopd-1.2.0.tgz 0ms (cache hit)
149 http cache get-proto@https://registry.npmjs.org/get-proto/-/get-proto-1.0.1.tgz 0ms (cache hit)
150 http cache get-intrinsic@https://registry.npmjs.org/get-intrinsic/-/get-intrinsic-1.3.0.tgz 0ms (cache hit)
151 http cache get-east-asian-width@https://registry.npmjs.org/get-east-asian-width/-/get-east-asian-width-1.6.0.tgz 0ms (cache hit)
152 http cache is-potential-custom-element-name@https://registry.npmjs.org/is-potential-custom-element-name/-/is-potential-custom-element-name-1.0.1.tgz 0ms (cache hit)
153 http cache function-bind@https://registry.npmjs.org/function-bind/-/function-bind-1.1.2.tgz 0ms (cache hit)
154 http cache get-caller-file@https://registry.npmjs.org/get-caller-file/-/get-caller-file-2.0.5.tgz 0ms (cache hit)
155 http cache gensync@https://registry.npmjs.org/gensync/-/gensync-1.0.0-beta.2.tgz 0ms (cache hit)
156 http cache forwarded@https://registry.npmjs.org/forwarded/-/forwarded-0.2.0.tgz 0ms (cache hit)
157 http cache fresh@https://registry.npmjs.org/fresh/-/fresh-2.0.0.tgz 0ms (cache hit)
158 http cache finalhandler@https://registry.npmjs.org/finalhandler/-/finalhandler-2.1.1.tgz 0ms (cache hit)
159 http cache form-data@https://registry.npmjs.org/form-data/-/form-data-4.0.5.tgz 0ms (cache hit)
160 http cache fast-deep-equal@https://registry.npmjs.org/fast-deep-equal/-/fast-deep-equal-3.1.3.tgz 0ms (cache hit)
161 http cache fast-uri@https://registry.npmjs.org/fast-uri/-/fast-uri-3.1.2.tgz 0ms (cache hit)
162 http cache expect-type@https://registry.npmjs.org/expect-type/-/expect-type-1.3.0.tgz 0ms (cache hit)
163 http cache express@https://registry.npmjs.org/express/-/express-5.2.1.tgz 0ms (cache hit)
164 http cache express-rate-limit@https://registry.npmjs.org/express-rate-limit/-/express-rate-limit-8.5.2.tgz 0ms (cache hit)
165 http cache eventsource-parser@https://registry.npmjs.org/eventsource-parser/-/eventsource-parser-3.1.0.tgz 0ms (cache hit)
166 http cache eventsource@https://registry.npmjs.org/eventsource/-/eventsource-3.0.7.tgz 0ms (cache hit)
167 http cache etag@https://registry.npmjs.org/etag/-/etag-1.8.1.tgz 0ms (cache hit)
168 http cache estree-walker@https://registry.npmjs.org/estree-walker/-/estree-walker-3.0.3.tgz 0ms (cache hit)
169 http cache escape-html@https://registry.npmjs.org/escape-html/-/escape-html-1.0.3.tgz 0ms (cache hit)
170 http cache escalade@https://registry.npmjs.org/escalade/-/escalade-3.2.0.tgz 0ms (cache hit)
171 http cache esbuild@https://registry.npmjs.org/esbuild/-/esbuild-0.28.0.tgz 0ms (cache hit)
172 http cache es-set-tostringtag@https://registry.npmjs.org/es-set-tostringtag/-/es-set-tostringtag-2.1.0.tgz 0ms (cache hit)
173 http cache es-object-atoms@https://registry.npmjs.org/es-object-atoms/-/es-object-atoms-1.1.2.tgz 0ms (cache hit)
174 http cache es-module-lexer@https://registry.npmjs.org/es-module-lexer/-/es-module-lexer-1.7.0.tgz 0ms (cache hit)
175 http cache es-define-property@https://registry.npmjs.org/es-define-property/-/es-define-property-1.0.1.tgz 0ms (cache hit)
176 http cache es-errors@https://registry.npmjs.org/es-errors/-/es-errors-1.3.0.tgz 0ms (cache hit)
177 http cache entities@https://registry.npmjs.org/entities/-/entities-6.0.1.tgz 0ms (cache hit)
178 http cache encodeurl@https://registry.npmjs.org/encodeurl/-/encodeurl-2.0.0.tgz 0ms (cache hit)
179 http cache emoji-regex@https://registry.npmjs.org/emoji-regex/-/emoji-regex-10.6.0.tgz 0ms (cache hit)
180 http cache electron-to-chromium@https://registry.npmjs.org/electron-to-chromium/-/electron-to-chromium-1.5.370.tgz 0ms (cache hit)
181 http cache dom-accessibility-api@https://registry.npmjs.org/dom-accessibility-api/-/dom-accessibility-api-0.5.16.tgz 0ms (cache hit)
182 http cache dunder-proto@https://registry.npmjs.org/dunder-proto/-/dunder-proto-1.0.1.tgz 0ms (cache hit)
183 http cache ee-first@https://registry.npmjs.org/ee-first/-/ee-first-1.1.1.tgz 0ms (cache hit)
184 http cache dequal@https://registry.npmjs.org/dequal/-/dequal-2.0.3.tgz 0ms (cache hit)
185 http cache decimal.js@https://registry.npmjs.org/decimal.js/-/decimal.js-10.6.0.tgz 0ms (cache hit)
186 http cache depd@https://registry.npmjs.org/depd/-/depd-2.0.0.tgz 0ms (cache hit)
187 http cache delayed-stream@https://registry.npmjs.org/delayed-stream/-/delayed-stream-1.0.0.tgz 0ms (cache hit)
188 http cache deep-eql@https://registry.npmjs.org/deep-eql/-/deep-eql-5.0.2.tgz 0ms (cache hit)
189 http cache debug@https://registry.npmjs.org/debug/-/debug-4.4.3.tgz 0ms (cache hit)
190 http cache data-urls@https://registry.npmjs.org/data-urls/-/data-urls-5.0.0.tgz 0ms (cache hit)
191 http cache csstype@https://registry.npmjs.org/csstype/-/csstype-3.2.3.tgz 0ms (cache hit)
192 http cache css.escape@https://registry.npmjs.org/css.escape/-/css.escape-1.5.1.tgz 0ms (cache hit)
193 http cache cross-spawn@https://registry.npmjs.org/cross-spawn/-/cross-spawn-7.0.6.tgz 0ms (cache hit)
194 http cache cookie-signature@https://registry.npmjs.org/cookie-signature/-/cookie-signature-1.2.2.tgz 0ms (cache hit)
195 http cache cors@https://registry.npmjs.org/cors/-/cors-2.8.6.tgz 0ms (cache hit)
196 http cache cookie@https://registry.npmjs.org/cookie/-/cookie-0.7.2.tgz 0ms (cache hit)
197 http cache cssstyle@https://registry.npmjs.org/cssstyle/-/cssstyle-4.6.0.tgz 0ms (cache hit)
198 http cache convert-source-map@https://registry.npmjs.org/convert-source-map/-/convert-source-map-2.0.0.tgz 0ms (cache hit)
199 http cache concurrently@https://registry.npmjs.org/concurrently/-/concurrently-10.0.3.tgz 0ms (cache hit)
200 http cache content-type@https://registry.npmjs.org/content-type/-/content-type-1.0.5.tgz 0ms (cache hit)
201 http cache combined-stream@https://registry.npmjs.org/combined-stream/-/combined-stream-1.0.8.tgz 0ms (cache hit)
202 http cache cliui@https://registry.npmjs.org/cliui/-/cliui-9.0.1.tgz 0ms (cache hit)
203 http cache check-error@https://registry.npmjs.org/check-error/-/check-error-2.1.3.tgz 0ms (cache hit)
204 http cache chalk@https://registry.npmjs.org/chalk/-/chalk-5.6.2.tgz 0ms (cache hit)
205 http cache caniuse-lite@https://registry.npmjs.org/caniuse-lite/-/caniuse-lite-1.0.30001797.tgz 0ms (cache hit)
206 http cache chai@https://registry.npmjs.org/chai/-/chai-5.3.3.tgz 0ms (cache hit)
207 http cache call-bound@https://registry.npmjs.org/call-bound/-/call-bound-1.0.4.tgz 0ms (cache hit)
208 http cache call-bind-apply-helpers@https://registry.npmjs.org/call-bind-apply-helpers/-/call-bind-apply-helpers-1.0.2.tgz 0ms (cache hit)
209 http cache cac@https://registry.npmjs.org/cac/-/cac-6.7.14.tgz 0ms (cache hit)
210 http cache body-parser@https://registry.npmjs.org/body-parser/-/body-parser-2.2.2.tgz 0ms (cache hit)
211 http cache browserslist@https://registry.npmjs.org/browserslist/-/browserslist-4.28.2.tgz 0ms (cache hit)
212 http cache bytes@https://registry.npmjs.org/bytes/-/bytes-3.1.2.tgz 0ms (cache hit)
213 http cache asynckit@https://registry.npmjs.org/asynckit/-/asynckit-0.4.0.tgz 0ms (cache hit)
214 http cache baseline-browser-mapping@https://registry.npmjs.org/baseline-browser-mapping/-/baseline-browser-mapping-2.10.35.tgz 0ms (cache hit)
215 http cache aria-query@https://registry.npmjs.org/aria-query/-/aria-query-5.3.0.tgz 0ms (cache hit)
216 http cache assertion-error@https://registry.npmjs.org/assertion-error/-/assertion-error-2.0.1.tgz 0ms (cache hit)
217 http cache content-disposition@https://registry.npmjs.org/content-disposition/-/content-disposition-1.1.0.tgz 0ms (cache hit)
218 http cache ansi-styles@https://registry.npmjs.org/ansi-styles/-/ansi-styles-5.2.0.tgz 0ms (cache hit)
219 http cache ansi-regex@https://registry.npmjs.org/ansi-regex/-/ansi-regex-5.0.1.tgz 0ms (cache hit)
220 http cache ajv@https://registry.npmjs.org/ajv/-/ajv-8.20.0.tgz 0ms (cache hit)
221 http cache ajv-formats@https://registry.npmjs.org/ajv-formats/-/ajv-formats-3.0.1.tgz 0ms (cache hit)
222 http cache agent-base@https://registry.npmjs.org/agent-base/-/agent-base-7.1.4.tgz 0ms (cache hit)
223 http cache accepts@https://registry.npmjs.org/accepts/-/accepts-2.0.0.tgz 0ms (cache hit)
224 http cache @vitest/utils@https://registry.npmjs.org/@vitest/utils/-/utils-2.1.9.tgz 0ms (cache hit)
225 http cache @vitest/spy@https://registry.npmjs.org/@vitest/spy/-/spy-2.1.9.tgz 0ms (cache hit)
226 http cache @vitest/runner@https://registry.npmjs.org/@vitest/runner/-/runner-2.1.9.tgz 0ms (cache hit)
227 http cache @vitest/snapshot@https://registry.npmjs.org/@vitest/snapshot/-/snapshot-2.1.9.tgz 0ms (cache hit)
228 http cache @vitest/expect@https://registry.npmjs.org/@vitest/expect/-/expect-2.1.9.tgz 0ms (cache hit)
229 http cache @types/react-dom@https://registry.npmjs.org/@types/react-dom/-/react-dom-19.2.3.tgz 0ms (cache hit)
230 http cache @vitejs/plugin-react@https://registry.npmjs.org/@vitejs/plugin-react/-/plugin-react-4.7.0.tgz 0ms (cache hit)
231 http cache @vitest/mocker@https://registry.npmjs.org/@vitest/mocker/-/mocker-2.1.9.tgz 0ms (cache hit)
232 http cache @vitest/pretty-format@https://registry.npmjs.org/@vitest/pretty-format/-/pretty-format-2.1.9.tgz 0ms (cache hit)
233 http cache @types/estree@https://registry.npmjs.org/@types/estree/-/estree-1.0.9.tgz 0ms (cache hit)
234 http cache @types/node@https://registry.npmjs.org/@types/node/-/node-24.13.1.tgz 0ms (cache hit)
235 http cache @types/babel__traverse@https://registry.npmjs.org/@types/babel__traverse/-/babel__traverse-7.28.0.tgz 0ms (cache hit)
236 http cache @types/babel__template@https://registry.npmjs.org/@types/babel__template/-/babel__template-7.4.4.tgz 0ms (cache hit)
237 http cache @types/babel__core@https://registry.npmjs.org/@types/babel__core/-/babel__core-7.20.5.tgz 0ms (cache hit)
238 http cache @types/babel__generator@https://registry.npmjs.org/@types/babel__generator/-/babel__generator-7.27.0.tgz 0ms (cache hit)
239 http cache @testing-library/user-event@https://registry.npmjs.org/@testing-library/user-event/-/user-event-14.6.1.tgz 0ms (cache hit)
240 http cache @types/aria-query@https://registry.npmjs.org/@types/aria-query/-/aria-query-5.0.4.tgz 0ms (cache hit)
241 http cache @rollup/rollup-win32-x64-msvc@https://registry.npmjs.org/@rollup/rollup-win32-x64-msvc/-/rollup-win32-x64-msvc-4.61.1.tgz 0ms (cache hit)
242 http cache @rollup/rollup-win32-x64-gnu@https://registry.npmjs.org/@rollup/rollup-win32-x64-gnu/-/rollup-win32-x64-gnu-4.61.1.tgz 0ms (cache hit)
243 http cache @testing-library/react@https://registry.npmjs.org/@testing-library/react/-/react-16.3.2.tgz 0ms (cache hit)
244 http cache @testing-library/jest-dom@https://registry.npmjs.org/@testing-library/jest-dom/-/jest-dom-6.9.1.tgz 0ms (cache hit)
245 http cache @testing-library/dom@https://registry.npmjs.org/@testing-library/dom/-/dom-10.4.1.tgz 0ms (cache hit)
246 http cache @rolldown/pluginutils@https://registry.npmjs.org/@rolldown/pluginutils/-/pluginutils-1.0.0-beta.27.tgz 0ms (cache hit)
247 http cache @modelcontextprotocol/sdk@https://registry.npmjs.org/@modelcontextprotocol/sdk/-/sdk-1.29.0.tgz 0ms (cache hit)
248 http cache @jridgewell/trace-mapping@https://registry.npmjs.org/@jridgewell/trace-mapping/-/trace-mapping-0.3.31.tgz 0ms (cache hit)
249 http cache @jridgewell/sourcemap-codec@https://registry.npmjs.org/@jridgewell/sourcemap-codec/-/sourcemap-codec-1.5.5.tgz 0ms (cache hit)
250 http cache @jridgewell/resolve-uri@https://registry.npmjs.org/@jridgewell/resolve-uri/-/resolve-uri-3.1.2.tgz 0ms (cache hit)
251 http cache @jridgewell/remapping@https://registry.npmjs.org/@jridgewell/remapping/-/remapping-2.3.5.tgz 0ms (cache hit)
252 http cache @jridgewell/gen-mapping@https://registry.npmjs.org/@jridgewell/gen-mapping/-/gen-mapping-0.3.13.tgz 0ms (cache hit)
253 http cache @hono/node-server@https://registry.npmjs.org/@hono/node-server/-/node-server-1.19.14.tgz 0ms (cache hit)
254 http cache @hono/zod-validator@https://registry.npmjs.org/@hono/zod-validator/-/zod-validator-0.4.3.tgz 0ms (cache hit)
255 http cache @esbuild/win32-x64@https://registry.npmjs.org/@esbuild/win32-x64/-/win32-x64-0.28.0.tgz 0ms (cache hit)
256 http cache @csstools/css-tokenizer@https://registry.npmjs.org/@csstools/css-tokenizer/-/css-tokenizer-3.0.4.tgz 0ms (cache hit)
257 http cache @csstools/css-color-parser@https://registry.npmjs.org/@csstools/css-color-parser/-/css-color-parser-3.1.0.tgz 0ms (cache hit)
258 http cache @csstools/css-parser-algorithms@https://registry.npmjs.org/@csstools/css-parser-algorithms/-/css-parser-algorithms-3.0.5.tgz 0ms (cache hit)
259 http cache @csstools/css-calc@https://registry.npmjs.org/@csstools/css-calc/-/css-calc-2.1.4.tgz 0ms (cache hit)
260 http cache @csstools/color-helpers@https://registry.npmjs.org/@csstools/color-helpers/-/color-helpers-5.1.0.tgz 0ms (cache hit)
261 http cache @babel/traverse@https://registry.npmjs.org/@babel/traverse/-/traverse-7.29.7.tgz 0ms (cache hit)
262 http cache @babel/types@https://registry.npmjs.org/@babel/types/-/types-7.29.7.tgz 0ms (cache hit)
263 http cache @babel/template@https://registry.npmjs.org/@babel/template/-/template-7.29.7.tgz 0ms (cache hit)
264 http cache @babel/runtime@https://registry.npmjs.org/@babel/runtime/-/runtime-7.29.7.tgz 0ms (cache hit)
265 http cache @babel/plugin-transform-react-jsx-source@https://registry.npmjs.org/@babel/plugin-transform-react-jsx-source/-/plugin-transform-react-jsx-source-7.29.7.tgz 0ms (cache hit)
266 http cache @babel/plugin-transform-react-jsx-self@https://registry.npmjs.org/@babel/plugin-transform-react-jsx-self/-/plugin-transform-react-jsx-self-7.29.7.tgz 0ms (cache hit)
267 http cache @babel/helpers@https://registry.npmjs.org/@babel/helpers/-/helpers-7.29.7.tgz 0ms (cache hit)
268 http cache @babel/helper-validator-option@https://registry.npmjs.org/@babel/helper-validator-option/-/helper-validator-option-7.29.7.tgz 0ms (cache hit)
269 http cache @babel/parser@https://registry.npmjs.org/@babel/parser/-/parser-7.29.7.tgz 0ms (cache hit)
270 http cache @babel/helper-string-parser@https://registry.npmjs.org/@babel/helper-string-parser/-/helper-string-parser-7.29.7.tgz 0ms (cache hit)
271 http cache @babel/helper-plugin-utils@https://registry.npmjs.org/@babel/helper-plugin-utils/-/helper-plugin-utils-7.29.7.tgz 0ms (cache hit)
272 http cache @babel/helper-validator-identifier@https://registry.npmjs.org/@babel/helper-validator-identifier/-/helper-validator-identifier-7.29.7.tgz 0ms (cache hit)
273 http cache @babel/helper-globals@https://registry.npmjs.org/@babel/helper-globals/-/helper-globals-7.29.7.tgz 0ms (cache hit)
274 http cache @babel/helper-module-imports@https://registry.npmjs.org/@babel/helper-module-imports/-/helper-module-imports-7.29.7.tgz 0ms (cache hit)
275 http cache @babel/helper-module-transforms@https://registry.npmjs.org/@babel/helper-module-transforms/-/helper-module-transforms-7.29.7.tgz 0ms (cache hit)
276 http cache @babel/helper-compilation-targets@https://registry.npmjs.org/@babel/helper-compilation-targets/-/helper-compilation-targets-7.29.7.tgz 0ms (cache hit)
277 http cache @babel/generator@https://registry.npmjs.org/@babel/generator/-/generator-7.29.7.tgz 0ms (cache hit)
278 http cache @babel/compat-data@https://registry.npmjs.org/@babel/compat-data/-/compat-data-7.29.7.tgz 0ms (cache hit)
279 http cache @babel/core@https://registry.npmjs.org/@babel/core/-/core-7.29.7.tgz 0ms (cache hit)
280 http cache @adobe/css-tools@https://registry.npmjs.org/@adobe/css-tools/-/css-tools-4.5.0.tgz 0ms (cache hit)
281 http cache @babel/code-frame@https://registry.npmjs.org/@babel/code-frame/-/code-frame-7.29.7.tgz 0ms (cache hit)
282 http cache @types/react@https://registry.npmjs.org/@types/react/-/react-19.2.17.tgz 0ms (cache hit)
283 http cache @asamuzakjp/css-color@https://registry.npmjs.org/@asamuzakjp/css-color/-/css-color-3.2.0.tgz 0ms (cache hit)
284 http cache ansi-styles@https://registry.npmjs.org/ansi-styles/-/ansi-styles-6.2.3.tgz 0ms (cache hit)
285 http cache content-type@https://registry.npmjs.org/content-type/-/content-type-2.0.0.tgz 0ms (cache hit)
286 http cache iconv-lite@https://registry.npmjs.org/iconv-lite/-/iconv-lite-0.6.3.tgz 0ms (cache hit)
287 http cache esbuild@https://registry.npmjs.org/esbuild/-/esbuild-0.21.5.tgz 0ms (cache hit)
288 http cache ansi-regex@https://registry.npmjs.org/ansi-regex/-/ansi-regex-6.2.2.tgz 0ms (cache hit)
289 http cache dom-accessibility-api@https://registry.npmjs.org/dom-accessibility-api/-/dom-accessibility-api-0.6.3.tgz 0ms (cache hit)
290 http cache mime-types@https://registry.npmjs.org/mime-types/-/mime-types-2.1.35.tgz 0ms (cache hit)
291 http cache rrweb-cssom@https://registry.npmjs.org/rrweb-cssom/-/rrweb-cssom-0.8.0.tgz 0ms (cache hit)
292 http cache @esbuild/win32-x64@https://registry.npmjs.org/@esbuild/win32-x64/-/win32-x64-0.21.5.tgz 0ms (cache hit)
293 http cache lru-cache@https://registry.npmjs.org/lru-cache/-/lru-cache-10.4.3.tgz 0ms (cache hit)
294 http cache mime-db@https://registry.npmjs.org/mime-db/-/mime-db-1.52.0.tgz 0ms (cache hit)
295 silly tarball no local data for zod@https://registry.npmjs.org/zod/-/zod-3.25.76.tgz. Extracting by manifest.
296 silly tarball no local data for zod-to-json-schema@https://registry.npmjs.org/zod-to-json-schema/-/zod-to-json-schema-3.25.2.tgz. Extracting by manifest.
297 silly tarball no local data for yargs@https://registry.npmjs.org/yargs/-/yargs-18.0.0.tgz. Extracting by manifest.
298 silly tarball no local data for yargs-parser@https://registry.npmjs.org/yargs-parser/-/yargs-parser-22.0.0.tgz. Extracting by manifest.
299 silly tarball no local data for yallist@https://registry.npmjs.org/yallist/-/yallist-3.1.1.tgz. Extracting by manifest.
300 silly tarball no local data for y18n@https://registry.npmjs.org/y18n/-/y18n-5.0.8.tgz. Extracting by manifest.
301 silly tarball no local data for xml-name-validator@https://registry.npmjs.org/xml-name-validator/-/xml-name-validator-5.0.0.tgz. Extracting by manifest.
302 silly tarball no local data for xmlchars@https://registry.npmjs.org/xmlchars/-/xmlchars-2.2.0.tgz. Extracting by manifest.
303 silly tarball no local data for ws@https://registry.npmjs.org/ws/-/ws-8.21.0.tgz. Extracting by manifest.
304 silly tarball no local data for whatwg-url@https://registry.npmjs.org/whatwg-url/-/whatwg-url-14.2.0.tgz. Extracting by manifest.
305 silly tarball no local data for wrappy@https://registry.npmjs.org/wrappy/-/wrappy-1.0.2.tgz. Extracting by manifest.
306 silly tarball no local data for wrap-ansi@https://registry.npmjs.org/wrap-ansi/-/wrap-ansi-9.0.2.tgz. Extracting by manifest.
307 silly tarball no local data for which@https://registry.npmjs.org/which/-/which-2.0.2.tgz. Extracting by manifest.
308 silly tarball no local data for why-is-node-running@https://registry.npmjs.org/why-is-node-running/-/why-is-node-running-2.3.0.tgz. Extracting by manifest.
309 silly tarball no local data for whatwg-mimetype@https://registry.npmjs.org/whatwg-mimetype/-/whatwg-mimetype-4.0.0.tgz. Extracting by manifest.
310 silly tarball no local data for whatwg-encoding@https://registry.npmjs.org/whatwg-encoding/-/whatwg-encoding-3.1.1.tgz. Extracting by manifest.
311 silly tarball no local data for w3c-xmlserializer@https://registry.npmjs.org/w3c-xmlserializer/-/w3c-xmlserializer-5.0.0.tgz. Extracting by manifest.
312 silly tarball no local data for vite-node@https://registry.npmjs.org/vite-node/-/vite-node-2.1.9.tgz. Extracting by manifest.
313 silly tarball no local data for vitest@https://registry.npmjs.org/vitest/-/vitest-2.1.9.tgz. Extracting by manifest.
314 silly tarball no local data for vary@https://registry.npmjs.org/vary/-/vary-1.1.2.tgz. Extracting by manifest.
315 silly tarball no local data for webidl-conversions@https://registry.npmjs.org/webidl-conversions/-/webidl-conversions-7.0.0.tgz. Extracting by manifest.
316 silly tarball no local data for vite@https://registry.npmjs.org/vite/-/vite-5.4.21.tgz. Extracting by manifest.
317 silly tarball no local data for unpipe@https://registry.npmjs.org/unpipe/-/unpipe-1.0.0.tgz. Extracting by manifest.
318 silly tarball no local data for undici-types@https://registry.npmjs.org/undici-types/-/undici-types-7.18.2.tgz. Extracting by manifest.
319 silly tarball no local data for typescript@https://registry.npmjs.org/typescript/-/typescript-5.9.3.tgz. Extracting by manifest.
320 silly tarball no local data for type-is@https://registry.npmjs.org/type-is/-/type-is-2.1.0.tgz. Extracting by manifest.
321 silly tarball no local data for tslib@https://registry.npmjs.org/tslib/-/tslib-2.8.1.tgz. Extracting by manifest.
322 silly tarball no local data for tsx@https://registry.npmjs.org/tsx/-/tsx-4.22.4.tgz. Extracting by manifest.
323 silly tarball no local data for update-browserslist-db@https://registry.npmjs.org/update-browserslist-db/-/update-browserslist-db-1.2.3.tgz. Extracting by manifest.
324 silly tarball no local data for tree-kill@https://registry.npmjs.org/tree-kill/-/tree-kill-1.2.2.tgz. Extracting by manifest.
325 silly tarball no local data for tr46@https://registry.npmjs.org/tr46/-/tr46-5.1.1.tgz. Extracting by manifest.
326 silly tarball no local data for tldts-core@https://registry.npmjs.org/tldts-core/-/tldts-core-6.1.86.tgz. Extracting by manifest.
327 silly tarball no local data for tough-cookie@https://registry.npmjs.org/tough-cookie/-/tough-cookie-5.1.2.tgz. Extracting by manifest.
328 silly tarball no local data for tldts@https://registry.npmjs.org/tldts/-/tldts-6.1.86.tgz. Extracting by manifest.
329 silly tarball no local data for toidentifier@https://registry.npmjs.org/toidentifier/-/toidentifier-1.0.1.tgz. Extracting by manifest.
330 silly tarball no local data for tinyspy@https://registry.npmjs.org/tinyspy/-/tinyspy-3.0.2.tgz. Extracting by manifest.
331 silly tarball no local data for tinypool@https://registry.npmjs.org/tinypool/-/tinypool-1.1.1.tgz. Extracting by manifest.
332 silly tarball no local data for tinyrainbow@https://registry.npmjs.org/tinyrainbow/-/tinyrainbow-1.2.0.tgz. Extracting by manifest.
333 silly tarball no local data for tinybench@https://registry.npmjs.org/tinybench/-/tinybench-2.9.0.tgz. Extracting by manifest.
334 silly tarball no local data for symbol-tree@https://registry.npmjs.org/symbol-tree/-/symbol-tree-3.2.4.tgz. Extracting by manifest.
335 silly tarball no local data for tinyexec@https://registry.npmjs.org/tinyexec/-/tinyexec-0.3.2.tgz. Extracting by manifest.
336 silly tarball no local data for strip-indent@https://registry.npmjs.org/strip-indent/-/strip-indent-3.0.0.tgz. Extracting by manifest.
337 silly tarball no local data for supports-color@https://registry.npmjs.org/supports-color/-/supports-color-10.2.2.tgz. Extracting by manifest.
338 silly tarball no local data for strip-ansi@https://registry.npmjs.org/strip-ansi/-/strip-ansi-7.2.0.tgz. Extracting by manifest.
339 silly tarball no local data for string-width@https://registry.npmjs.org/string-width/-/string-width-7.2.0.tgz. Extracting by manifest.
340 silly tarball no local data for std-env@https://registry.npmjs.org/std-env/-/std-env-3.10.0.tgz. Extracting by manifest.
341 silly tarball no local data for statuses@https://registry.npmjs.org/statuses/-/statuses-2.0.2.tgz. Extracting by manifest.
342 silly tarball no local data for source-map-js@https://registry.npmjs.org/source-map-js/-/source-map-js-1.2.1.tgz. Extracting by manifest.
343 silly tarball no local data for siginfo@https://registry.npmjs.org/siginfo/-/siginfo-2.0.0.tgz. Extracting by manifest.
344 silly tarball no local data for side-channel-weakmap@https://registry.npmjs.org/side-channel-weakmap/-/side-channel-weakmap-1.0.2.tgz. Extracting by manifest.
345 silly tarball no local data for stackback@https://registry.npmjs.org/stackback/-/stackback-0.0.2.tgz. Extracting by manifest.
346 silly tarball no local data for side-channel-list@https://registry.npmjs.org/side-channel-list/-/side-channel-list-1.0.1.tgz. Extracting by manifest.
347 silly tarball no local data for side-channel@https://registry.npmjs.org/side-channel/-/side-channel-1.1.1.tgz. Extracting by manifest.
348 silly tarball no local data for side-channel-map@https://registry.npmjs.org/side-channel-map/-/side-channel-map-1.0.1.tgz. Extracting by manifest.
349 silly tarball no local data for shell-quote@https://registry.npmjs.org/shell-quote/-/shell-quote-1.8.4.tgz. Extracting by manifest.
350 silly tarball no local data for shebang-regex@https://registry.npmjs.org/shebang-regex/-/shebang-regex-3.0.0.tgz. Extracting by manifest.
351 silly tarball no local data for shebang-command@https://registry.npmjs.org/shebang-command/-/shebang-command-2.0.0.tgz. Extracting by manifest.
352 silly tarball no local data for setprototypeof@https://registry.npmjs.org/setprototypeof/-/setprototypeof-1.2.0.tgz. Extracting by manifest.
353 silly tarball no local data for send@https://registry.npmjs.org/send/-/send-1.2.1.tgz. Extracting by manifest.
354 silly tarball no local data for serve-static@https://registry.npmjs.org/serve-static/-/serve-static-2.2.1.tgz. Extracting by manifest.
355 silly tarball no local data for scheduler@https://registry.npmjs.org/scheduler/-/scheduler-0.27.0.tgz. Extracting by manifest.
356 silly tarball no local data for saxes@https://registry.npmjs.org/saxes/-/saxes-6.0.0.tgz. Extracting by manifest.
357 silly tarball no local data for semver@https://registry.npmjs.org/semver/-/semver-6.3.1.tgz. Extracting by manifest.
358 silly tarball no local data for rxjs@https://registry.npmjs.org/rxjs/-/rxjs-7.8.2.tgz. Extracting by manifest.
359 silly tarball no local data for rrweb-cssom@https://registry.npmjs.org/rrweb-cssom/-/rrweb-cssom-0.7.1.tgz. Extracting by manifest.
360 silly tarball no local data for router@https://registry.npmjs.org/router/-/router-2.2.0.tgz. Extracting by manifest.
361 silly tarball no local data for rollup@https://registry.npmjs.org/rollup/-/rollup-4.61.1.tgz. Extracting by manifest.
362 silly tarball no local data for react-refresh@https://registry.npmjs.org/react-refresh/-/react-refresh-0.17.0.tgz. Extracting by manifest.
363 silly tarball no local data for redent@https://registry.npmjs.org/redent/-/redent-3.0.0.tgz. Extracting by manifest.
364 silly tarball no local data for require-from-string@https://registry.npmjs.org/require-from-string/-/require-from-string-2.0.2.tgz. Extracting by manifest.
365 silly tarball no local data for react-is@https://registry.npmjs.org/react-is/-/react-is-17.0.2.tgz. Extracting by manifest.
366 silly tarball no local data for react-dom@https://registry.npmjs.org/react-dom/-/react-dom-19.2.7.tgz. Extracting by manifest.
367 silly tarball no local data for raw-body@https://registry.npmjs.org/raw-body/-/raw-body-3.0.2.tgz. Extracting by manifest.
368 silly tarball no local data for react@https://registry.npmjs.org/react/-/react-19.2.7.tgz. Extracting by manifest.
369 silly tarball no local data for range-parser@https://registry.npmjs.org/range-parser/-/range-parser-1.2.1.tgz. Extracting by manifest.
370 silly tarball no local data for qs@https://registry.npmjs.org/qs/-/qs-6.15.2.tgz. Extracting by manifest.
371 silly tarball no local data for proxy-addr@https://registry.npmjs.org/proxy-addr/-/proxy-addr-2.0.7.tgz. Extracting by manifest.
372 silly tarball no local data for punycode@https://registry.npmjs.org/punycode/-/punycode-2.3.1.tgz. Extracting by manifest.
373 silly tarball no local data for pretty-format@https://registry.npmjs.org/pretty-format/-/pretty-format-27.5.1.tgz. Extracting by manifest.
374 silly tarball no local data for picocolors@https://registry.npmjs.org/picocolors/-/picocolors-1.1.1.tgz. Extracting by manifest.
375 silly tarball no local data for pathval@https://registry.npmjs.org/pathval/-/pathval-2.0.1.tgz. Extracting by manifest.
376 silly tarball no local data for pkce-challenge@https://registry.npmjs.org/pkce-challenge/-/pkce-challenge-5.0.1.tgz. Extracting by manifest.
377 silly tarball no local data for safer-buffer@https://registry.npmjs.org/safer-buffer/-/safer-buffer-2.1.2.tgz. Extracting by manifest.
378 silly tarball no local data for pathe@https://registry.npmjs.org/pathe/-/pathe-1.1.2.tgz. Extracting by manifest.
379 silly tarball no local data for path-to-regexp@https://registry.npmjs.org/path-to-regexp/-/path-to-regexp-8.4.2.tgz. Extracting by manifest.
380 silly tarball no local data for path-key@https://registry.npmjs.org/path-key/-/path-key-3.1.1.tgz. Extracting by manifest.
381 silly tarball no local data for parseurl@https://registry.npmjs.org/parseurl/-/parseurl-1.3.3.tgz. Extracting by manifest.
382 silly tarball no local data for parse5@https://registry.npmjs.org/parse5/-/parse5-7.3.0.tgz. Extracting by manifest.
383 silly tarball no local data for once@https://registry.npmjs.org/once/-/once-1.4.0.tgz. Extracting by manifest.
384 silly tarball no local data for on-finished@https://registry.npmjs.org/on-finished/-/on-finished-2.4.1.tgz. Extracting by manifest.
385 silly tarball no local data for object-inspect@https://registry.npmjs.org/object-inspect/-/object-inspect-1.13.4.tgz. Extracting by manifest.
386 silly tarball no local data for object-assign@https://registry.npmjs.org/object-assign/-/object-assign-4.1.1.tgz. Extracting by manifest.
387 silly tarball no local data for node-releases@https://registry.npmjs.org/node-releases/-/node-releases-2.0.47.tgz. Extracting by manifest.
388 silly tarball no local data for mime-types@https://registry.npmjs.org/mime-types/-/mime-types-3.0.2.tgz. Extracting by manifest.
389 silly tarball no local data for negotiator@https://registry.npmjs.org/negotiator/-/negotiator-1.0.0.tgz. Extracting by manifest.
390 silly tarball no local data for min-indent@https://registry.npmjs.org/min-indent/-/min-indent-1.0.1.tgz. Extracting by manifest.
391 silly tarball no local data for nwsapi@https://registry.npmjs.org/nwsapi/-/nwsapi-2.2.24.tgz. Extracting by manifest.
392 silly tarball no local data for ms@https://registry.npmjs.org/ms/-/ms-2.1.3.tgz. Extracting by manifest.
393 silly tarball no local data for postcss@https://registry.npmjs.org/postcss/-/postcss-8.5.15.tgz. Extracting by manifest.
394 silly tarball no local data for mime-db@https://registry.npmjs.org/mime-db/-/mime-db-1.54.0.tgz. Extracting by manifest.
395 silly tarball no local data for merge-descriptors@https://registry.npmjs.org/merge-descriptors/-/merge-descriptors-2.0.0.tgz. Extracting by manifest.
396 silly tarball no local data for math-intrinsics@https://registry.npmjs.org/math-intrinsics/-/math-intrinsics-1.1.0.tgz. Extracting by manifest.
397 silly tarball no local data for media-typer@https://registry.npmjs.org/media-typer/-/media-typer-1.1.0.tgz. Extracting by manifest.
398 silly tarball no local data for magic-string@https://registry.npmjs.org/magic-string/-/magic-string-0.30.21.tgz. Extracting by manifest.
399 silly tarball no local data for lz-string@https://registry.npmjs.org/lz-string/-/lz-string-1.5.0.tgz. Extracting by manifest.
400 silly tarball no local data for nanoid@https://registry.npmjs.org/nanoid/-/nanoid-3.3.12.tgz. Extracting by manifest.
401 silly tarball no local data for lru-cache@https://registry.npmjs.org/lru-cache/-/lru-cache-5.1.1.tgz. Extracting by manifest.
402 silly tarball no local data for loupe@https://registry.npmjs.org/loupe/-/loupe-3.2.1.tgz. Extracting by manifest.
403 silly tarball no local data for json5@https://registry.npmjs.org/json5/-/json5-2.2.3.tgz. Extracting by manifest.
404 silly tarball no local data for json-schema-traverse@https://registry.npmjs.org/json-schema-traverse/-/json-schema-traverse-1.0.0.tgz. Extracting by manifest.
405 silly tarball no local data for jsesc@https://registry.npmjs.org/jsesc/-/jsesc-3.1.0.tgz. Extracting by manifest.
406 silly tarball no local data for jsdom@https://registry.npmjs.org/jsdom/-/jsdom-25.0.1.tgz. Extracting by manifest.
407 silly tarball no local data for isexe@https://registry.npmjs.org/isexe/-/isexe-2.0.0.tgz. Extracting by manifest.
408 silly tarball no local data for js-tokens@https://registry.npmjs.org/js-tokens/-/js-tokens-4.0.0.tgz. Extracting by manifest.
409 silly tarball no local data for json-schema-typed@https://registry.npmjs.org/json-schema-typed/-/json-schema-typed-8.0.2.tgz. Extracting by manifest.
410 silly tarball no local data for jose@https://registry.npmjs.org/jose/-/jose-6.2.3.tgz. Extracting by manifest.
411 silly tarball no local data for is-promise@https://registry.npmjs.org/is-promise/-/is-promise-4.0.0.tgz. Extracting by manifest.
412 silly tarball no local data for ipaddr.js@https://registry.npmjs.org/ipaddr.js/-/ipaddr.js-1.9.1.tgz. Extracting by manifest.
413 silly tarball no local data for inherits@https://registry.npmjs.org/inherits/-/inherits-2.0.4.tgz. Extracting by manifest.
414 silly tarball no local data for ip-address@https://registry.npmjs.org/ip-address/-/ip-address-10.2.0.tgz. Extracting by manifest.
415 silly tarball no local data for indent-string@https://registry.npmjs.org/indent-string/-/indent-string-4.0.0.tgz. Extracting by manifest.
416 silly tarball no local data for https-proxy-agent@https://registry.npmjs.org/https-proxy-agent/-/https-proxy-agent-7.0.6.tgz. Extracting by manifest.
417 silly tarball no local data for iconv-lite@https://registry.npmjs.org/iconv-lite/-/iconv-lite-0.7.2.tgz. Extracting by manifest.
418 silly tarball no local data for http-proxy-agent@https://registry.npmjs.org/http-proxy-agent/-/http-proxy-agent-7.0.2.tgz. Extracting by manifest.
419 silly tarball no local data for http-errors@https://registry.npmjs.org/http-errors/-/http-errors-2.0.1.tgz. Extracting by manifest.
420 silly tarball no local data for html-encoding-sniffer@https://registry.npmjs.org/html-encoding-sniffer/-/html-encoding-sniffer-4.0.0.tgz. Extracting by manifest.
421 silly tarball no local data for hono@https://registry.npmjs.org/hono/-/hono-4.12.25.tgz. Extracting by manifest.
422 silly tarball no local data for has-symbols@https://registry.npmjs.org/has-symbols/-/has-symbols-1.1.0.tgz. Extracting by manifest.
423 silly tarball no local data for hasown@https://registry.npmjs.org/hasown/-/hasown-2.0.4.tgz. Extracting by manifest.
424 silly tarball no local data for has-tostringtag@https://registry.npmjs.org/has-tostringtag/-/has-tostringtag-1.0.2.tgz. Extracting by manifest.
425 silly tarball no local data for gopd@https://registry.npmjs.org/gopd/-/gopd-1.2.0.tgz. Extracting by manifest.
426 silly tarball no local data for get-proto@https://registry.npmjs.org/get-proto/-/get-proto-1.0.1.tgz. Extracting by manifest.
427 silly tarball no local data for get-intrinsic@https://registry.npmjs.org/get-intrinsic/-/get-intrinsic-1.3.0.tgz. Extracting by manifest.
428 silly tarball no local data for get-east-asian-width@https://registry.npmjs.org/get-east-asian-width/-/get-east-asian-width-1.6.0.tgz. Extracting by manifest.
429 silly tarball no local data for is-potential-custom-element-name@https://registry.npmjs.org/is-potential-custom-element-name/-/is-potential-custom-element-name-1.0.1.tgz. Extracting by manifest.
430 silly tarball no local data for function-bind@https://registry.npmjs.org/function-bind/-/function-bind-1.1.2.tgz. Extracting by manifest.
431 silly tarball no local data for get-caller-file@https://registry.npmjs.org/get-caller-file/-/get-caller-file-2.0.5.tgz. Extracting by manifest.
432 silly tarball no local data for gensync@https://registry.npmjs.org/gensync/-/gensync-1.0.0-beta.2.tgz. Extracting by manifest.
433 silly tarball no local data for forwarded@https://registry.npmjs.org/forwarded/-/forwarded-0.2.0.tgz. Extracting by manifest.
434 silly tarball no local data for fresh@https://registry.npmjs.org/fresh/-/fresh-2.0.0.tgz. Extracting by manifest.
435 silly tarball no local data for finalhandler@https://registry.npmjs.org/finalhandler/-/finalhandler-2.1.1.tgz. Extracting by manifest.
436 silly tarball no local data for form-data@https://registry.npmjs.org/form-data/-/form-data-4.0.5.tgz. Extracting by manifest.
437 silly tarball no local data for fast-deep-equal@https://registry.npmjs.org/fast-deep-equal/-/fast-deep-equal-3.1.3.tgz. Extracting by manifest.
438 silly tarball no local data for fast-uri@https://registry.npmjs.org/fast-uri/-/fast-uri-3.1.2.tgz. Extracting by manifest.
439 silly tarball no local data for expect-type@https://registry.npmjs.org/expect-type/-/expect-type-1.3.0.tgz. Extracting by manifest.
440 silly tarball no local data for express@https://registry.npmjs.org/express/-/express-5.2.1.tgz. Extracting by manifest.
441 silly tarball no local data for express-rate-limit@https://registry.npmjs.org/express-rate-limit/-/express-rate-limit-8.5.2.tgz. Extracting by manifest.
442 silly tarball no local data for eventsource-parser@https://registry.npmjs.org/eventsource-parser/-/eventsource-parser-3.1.0.tgz. Extracting by manifest.
443 silly tarball no local data for eventsource@https://registry.npmjs.org/eventsource/-/eventsource-3.0.7.tgz. Extracting by manifest.
444 silly tarball no local data for etag@https://registry.npmjs.org/etag/-/etag-1.8.1.tgz. Extracting by manifest.
445 silly tarball no local data for estree-walker@https://registry.npmjs.org/estree-walker/-/estree-walker-3.0.3.tgz. Extracting by manifest.
446 silly tarball no local data for escape-html@https://registry.npmjs.org/escape-html/-/escape-html-1.0.3.tgz. Extracting by manifest.
447 silly tarball no local data for escalade@https://registry.npmjs.org/escalade/-/escalade-3.2.0.tgz. Extracting by manifest.
448 silly tarball no local data for esbuild@https://registry.npmjs.org/esbuild/-/esbuild-0.28.0.tgz. Extracting by manifest.
449 silly tarball no local data for es-set-tostringtag@https://registry.npmjs.org/es-set-tostringtag/-/es-set-tostringtag-2.1.0.tgz. Extracting by manifest.
450 silly tarball no local data for es-object-atoms@https://registry.npmjs.org/es-object-atoms/-/es-object-atoms-1.1.2.tgz. Extracting by manifest.
451 silly tarball no local data for es-module-lexer@https://registry.npmjs.org/es-module-lexer/-/es-module-lexer-1.7.0.tgz. Extracting by manifest.
452 silly tarball no local data for es-define-property@https://registry.npmjs.org/es-define-property/-/es-define-property-1.0.1.tgz. Extracting by manifest.
453 silly tarball no local data for es-errors@https://registry.npmjs.org/es-errors/-/es-errors-1.3.0.tgz. Extracting by manifest.
454 silly tarball no local data for entities@https://registry.npmjs.org/entities/-/entities-6.0.1.tgz. Extracting by manifest.
455 silly tarball no local data for encodeurl@https://registry.npmjs.org/encodeurl/-/encodeurl-2.0.0.tgz. Extracting by manifest.
456 silly tarball no local data for emoji-regex@https://registry.npmjs.org/emoji-regex/-/emoji-regex-10.6.0.tgz. Extracting by manifest.
457 silly tarball no local data for electron-to-chromium@https://registry.npmjs.org/electron-to-chromium/-/electron-to-chromium-1.5.370.tgz. Extracting by manifest.
458 silly tarball no local data for dom-accessibility-api@https://registry.npmjs.org/dom-accessibility-api/-/dom-accessibility-api-0.5.16.tgz. Extracting by manifest.
459 silly tarball no local data for dunder-proto@https://registry.npmjs.org/dunder-proto/-/dunder-proto-1.0.1.tgz. Extracting by manifest.
460 silly tarball no local data for ee-first@https://registry.npmjs.org/ee-first/-/ee-first-1.1.1.tgz. Extracting by manifest.
461 silly tarball no local data for dequal@https://registry.npmjs.org/dequal/-/dequal-2.0.3.tgz. Extracting by manifest.
462 silly tarball no local data for decimal.js@https://registry.npmjs.org/decimal.js/-/decimal.js-10.6.0.tgz. Extracting by manifest.
463 silly tarball no local data for depd@https://registry.npmjs.org/depd/-/depd-2.0.0.tgz. Extracting by manifest.
464 silly tarball no local data for delayed-stream@https://registry.npmjs.org/delayed-stream/-/delayed-stream-1.0.0.tgz. Extracting by manifest.
465 silly tarball no local data for deep-eql@https://registry.npmjs.org/deep-eql/-/deep-eql-5.0.2.tgz. Extracting by manifest.
466 silly tarball no local data for debug@https://registry.npmjs.org/debug/-/debug-4.4.3.tgz. Extracting by manifest.
467 silly tarball no local data for data-urls@https://registry.npmjs.org/data-urls/-/data-urls-5.0.0.tgz. Extracting by manifest.
468 silly tarball no local data for csstype@https://registry.npmjs.org/csstype/-/csstype-3.2.3.tgz. Extracting by manifest.
469 silly tarball no local data for css.escape@https://registry.npmjs.org/css.escape/-/css.escape-1.5.1.tgz. Extracting by manifest.
470 silly tarball no local data for cross-spawn@https://registry.npmjs.org/cross-spawn/-/cross-spawn-7.0.6.tgz. Extracting by manifest.
471 silly tarball no local data for cookie-signature@https://registry.npmjs.org/cookie-signature/-/cookie-signature-1.2.2.tgz. Extracting by manifest.
472 silly tarball no local data for cors@https://registry.npmjs.org/cors/-/cors-2.8.6.tgz. Extracting by manifest.
473 silly tarball no local data for cookie@https://registry.npmjs.org/cookie/-/cookie-0.7.2.tgz. Extracting by manifest.
474 silly tarball no local data for cssstyle@https://registry.npmjs.org/cssstyle/-/cssstyle-4.6.0.tgz. Extracting by manifest.
475 silly tarball no local data for convert-source-map@https://registry.npmjs.org/convert-source-map/-/convert-source-map-2.0.0.tgz. Extracting by manifest.
476 silly tarball no local data for concurrently@https://registry.npmjs.org/concurrently/-/concurrently-10.0.3.tgz. Extracting by manifest.
477 silly tarball no local data for content-type@https://registry.npmjs.org/content-type/-/content-type-1.0.5.tgz. Extracting by manifest.
478 silly tarball no local data for combined-stream@https://registry.npmjs.org/combined-stream/-/combined-stream-1.0.8.tgz. Extracting by manifest.
479 silly tarball no local data for cliui@https://registry.npmjs.org/cliui/-/cliui-9.0.1.tgz. Extracting by manifest.
480 silly tarball no local data for check-error@https://registry.npmjs.org/check-error/-/check-error-2.1.3.tgz. Extracting by manifest.
481 silly tarball no local data for chalk@https://registry.npmjs.org/chalk/-/chalk-5.6.2.tgz. Extracting by manifest.
482 silly tarball no local data for caniuse-lite@https://registry.npmjs.org/caniuse-lite/-/caniuse-lite-1.0.30001797.tgz. Extracting by manifest.
483 silly tarball no local data for chai@https://registry.npmjs.org/chai/-/chai-5.3.3.tgz. Extracting by manifest.
484 silly tarball no local data for call-bound@https://registry.npmjs.org/call-bound/-/call-bound-1.0.4.tgz. Extracting by manifest.
485 silly tarball no local data for call-bind-apply-helpers@https://registry.npmjs.org/call-bind-apply-helpers/-/call-bind-apply-helpers-1.0.2.tgz. Extracting by manifest.
486 silly tarball no local data for cac@https://registry.npmjs.org/cac/-/cac-6.7.14.tgz. Extracting by manifest.
487 silly tarball no local data for body-parser@https://registry.npmjs.org/body-parser/-/body-parser-2.2.2.tgz. Extracting by manifest.
488 silly tarball no local data for browserslist@https://registry.npmjs.org/browserslist/-/browserslist-4.28.2.tgz. Extracting by manifest.
489 silly tarball no local data for bytes@https://registry.npmjs.org/bytes/-/bytes-3.1.2.tgz. Extracting by manifest.
490 silly tarball no local data for asynckit@https://registry.npmjs.org/asynckit/-/asynckit-0.4.0.tgz. Extracting by manifest.
491 silly tarball no local data for baseline-browser-mapping@https://registry.npmjs.org/baseline-browser-mapping/-/baseline-browser-mapping-2.10.35.tgz. Extracting by manifest.
492 silly tarball no local data for aria-query@https://registry.npmjs.org/aria-query/-/aria-query-5.3.0.tgz. Extracting by manifest.
493 silly tarball no local data for assertion-error@https://registry.npmjs.org/assertion-error/-/assertion-error-2.0.1.tgz. Extracting by manifest.
494 silly tarball no local data for content-disposition@https://registry.npmjs.org/content-disposition/-/content-disposition-1.1.0.tgz. Extracting by manifest.
495 silly tarball no local data for ansi-styles@https://registry.npmjs.org/ansi-styles/-/ansi-styles-5.2.0.tgz. Extracting by manifest.
496 silly tarball no local data for ansi-regex@https://registry.npmjs.org/ansi-regex/-/ansi-regex-5.0.1.tgz. Extracting by manifest.
497 silly tarball no local data for ajv@https://registry.npmjs.org/ajv/-/ajv-8.20.0.tgz. Extracting by manifest.
498 silly tarball no local data for ajv-formats@https://registry.npmjs.org/ajv-formats/-/ajv-formats-3.0.1.tgz. Extracting by manifest.
499 silly tarball no local data for agent-base@https://registry.npmjs.org/agent-base/-/agent-base-7.1.4.tgz. Extracting by manifest.
500 silly tarball no local data for accepts@https://registry.npmjs.org/accepts/-/accepts-2.0.0.tgz. Extracting by manifest.
501 silly tarball no local data for @vitest/utils@https://registry.npmjs.org/@vitest/utils/-/utils-2.1.9.tgz. Extracting by manifest.
502 silly tarball no local data for @vitest/spy@https://registry.npmjs.org/@vitest/spy/-/spy-2.1.9.tgz. Extracting by manifest.
503 silly tarball no local data for @vitest/runner@https://registry.npmjs.org/@vitest/runner/-/runner-2.1.9.tgz. Extracting by manifest.
504 silly tarball no local data for @vitest/snapshot@https://registry.npmjs.org/@vitest/snapshot/-/snapshot-2.1.9.tgz. Extracting by manifest.
505 silly tarball no local data for @vitest/expect@https://registry.npmjs.org/@vitest/expect/-/expect-2.1.9.tgz. Extracting by manifest.
506 silly tarball no local data for @types/react-dom@https://registry.npmjs.org/@types/react-dom/-/react-dom-19.2.3.tgz. Extracting by manifest.
507 silly tarball no local data for @vitejs/plugin-react@https://registry.npmjs.org/@vitejs/plugin-react/-/plugin-react-4.7.0.tgz. Extracting by manifest.
508 silly tarball no local data for @vitest/mocker@https://registry.npmjs.org/@vitest/mocker/-/mocker-2.1.9.tgz. Extracting by manifest.
509 silly tarball no local data for @vitest/pretty-format@https://registry.npmjs.org/@vitest/pretty-format/-/pretty-format-2.1.9.tgz. Extracting by manifest.
510 silly tarball no local data for @types/estree@https://registry.npmjs.org/@types/estree/-/estree-1.0.9.tgz. Extracting by manifest.
511 silly tarball no local data for @types/node@https://registry.npmjs.org/@types/node/-/node-24.13.1.tgz. Extracting by manifest.
512 silly tarball no local data for @types/babel__traverse@https://registry.npmjs.org/@types/babel__traverse/-/babel__traverse-7.28.0.tgz. Extracting by manifest.
513 silly tarball no local data for @types/babel__template@https://registry.npmjs.org/@types/babel__template/-/babel__template-7.4.4.tgz. Extracting by manifest.
514 silly tarball no local data for @types/babel__core@https://registry.npmjs.org/@types/babel__core/-/babel__core-7.20.5.tgz. Extracting by manifest.
515 silly tarball no local data for @types/babel__generator@https://registry.npmjs.org/@types/babel__generator/-/babel__generator-7.27.0.tgz. Extracting by manifest.
516 silly tarball no local data for @testing-library/user-event@https://registry.npmjs.org/@testing-library/user-event/-/user-event-14.6.1.tgz. Extracting by manifest.
517 silly tarball no local data for @types/aria-query@https://registry.npmjs.org/@types/aria-query/-/aria-query-5.0.4.tgz. Extracting by manifest.
518 silly tarball no local data for @rollup/rollup-win32-x64-msvc@https://registry.npmjs.org/@rollup/rollup-win32-x64-msvc/-/rollup-win32-x64-msvc-4.61.1.tgz. Extracting by manifest.
519 silly tarball no local data for @rollup/rollup-win32-x64-gnu@https://registry.npmjs.org/@rollup/rollup-win32-x64-gnu/-/rollup-win32-x64-gnu-4.61.1.tgz. Extracting by manifest.
520 silly tarball no local data for @testing-library/react@https://registry.npmjs.org/@testing-library/react/-/react-16.3.2.tgz. Extracting by manifest.
521 silly tarball no local data for @testing-library/jest-dom@https://registry.npmjs.org/@testing-library/jest-dom/-/jest-dom-6.9.1.tgz. Extracting by manifest.
522 silly tarball no local data for @testing-library/dom@https://registry.npmjs.org/@testing-library/dom/-/dom-10.4.1.tgz. Extracting by manifest.
523 silly tarball no local data for @rolldown/pluginutils@https://registry.npmjs.org/@rolldown/pluginutils/-/pluginutils-1.0.0-beta.27.tgz. Extracting by manifest.
524 silly tarball no local data for @modelcontextprotocol/sdk@https://registry.npmjs.org/@modelcontextprotocol/sdk/-/sdk-1.29.0.tgz. Extracting by manifest.
525 silly tarball no local data for @jridgewell/trace-mapping@https://registry.npmjs.org/@jridgewell/trace-mapping/-/trace-mapping-0.3.31.tgz. Extracting by manifest.
526 silly tarball no local data for @jridgewell/sourcemap-codec@https://registry.npmjs.org/@jridgewell/sourcemap-codec/-/sourcemap-codec-1.5.5.tgz. Extracting by manifest.
527 silly tarball no local data for @jridgewell/resolve-uri@https://registry.npmjs.org/@jridgewell/resolve-uri/-/resolve-uri-3.1.2.tgz. Extracting by manifest.
528 silly tarball no local data for @jridgewell/remapping@https://registry.npmjs.org/@jridgewell/remapping/-/remapping-2.3.5.tgz. Extracting by manifest.
529 silly tarball no local data for @jridgewell/gen-mapping@https://registry.npmjs.org/@jridgewell/gen-mapping/-/gen-mapping-0.3.13.tgz. Extracting by manifest.
530 silly tarball no local data for @hono/node-server@https://registry.npmjs.org/@hono/node-server/-/node-server-1.19.14.tgz. Extracting by manifest.
531 silly tarball no local data for @hono/zod-validator@https://registry.npmjs.org/@hono/zod-validator/-/zod-validator-0.4.3.tgz. Extracting by manifest.
532 silly tarball no local data for @esbuild/win32-x64@https://registry.npmjs.org/@esbuild/win32-x64/-/win32-x64-0.28.0.tgz. Extracting by manifest.
533 silly tarball no local data for @csstools/css-tokenizer@https://registry.npmjs.org/@csstools/css-tokenizer/-/css-tokenizer-3.0.4.tgz. Extracting by manifest.
534 silly tarball no local data for @csstools/css-color-parser@https://registry.npmjs.org/@csstools/css-color-parser/-/css-color-parser-3.1.0.tgz. Extracting by manifest.
535 silly tarball no local data for @csstools/css-parser-algorithms@https://registry.npmjs.org/@csstools/css-parser-algorithms/-/css-parser-algorithms-3.0.5.tgz. Extracting by manifest.
536 silly tarball no local data for @csstools/css-calc@https://registry.npmjs.org/@csstools/css-calc/-/css-calc-2.1.4.tgz. Extracting by manifest.
537 silly tarball no local data for @csstools/color-helpers@https://registry.npmjs.org/@csstools/color-helpers/-/color-helpers-5.1.0.tgz. Extracting by manifest.
538 silly tarball no local data for @babel/traverse@https://registry.npmjs.org/@babel/traverse/-/traverse-7.29.7.tgz. Extracting by manifest.
539 silly tarball no local data for @babel/types@https://registry.npmjs.org/@babel/types/-/types-7.29.7.tgz. Extracting by manifest.
540 silly tarball no local data for @babel/template@https://registry.npmjs.org/@babel/template/-/template-7.29.7.tgz. Extracting by manifest.
541 silly tarball no local data for @babel/runtime@https://registry.npmjs.org/@babel/runtime/-/runtime-7.29.7.tgz. Extracting by manifest.
542 silly tarball no local data for @babel/plugin-transform-react-jsx-source@https://registry.npmjs.org/@babel/plugin-transform-react-jsx-source/-/plugin-transform-react-jsx-source-7.29.7.tgz. Extracting by manifest.
543 silly tarball no local data for @babel/plugin-transform-react-jsx-self@https://registry.npmjs.org/@babel/plugin-transform-react-jsx-self/-/plugin-transform-react-jsx-self-7.29.7.tgz. Extracting by manifest.
544 silly tarball no local data for @babel/helpers@https://registry.npmjs.org/@babel/helpers/-/helpers-7.29.7.tgz. Extracting by manifest.
545 silly tarball no local data for @babel/helper-validator-option@https://registry.npmjs.org/@babel/helper-validator-option/-/helper-validator-option-7.29.7.tgz. Extracting by manifest.
546 silly tarball no local data for @babel/parser@https://registry.npmjs.org/@babel/parser/-/parser-7.29.7.tgz. Extracting by manifest.
547 silly tarball no local data for @babel/helper-string-parser@https://registry.npmjs.org/@babel/helper-string-parser/-/helper-string-parser-7.29.7.tgz. Extracting by manifest.
548 silly tarball no local data for @babel/helper-plugin-utils@https://registry.npmjs.org/@babel/helper-plugin-utils/-/helper-plugin-utils-7.29.7.tgz. Extracting by manifest.
549 silly tarball no local data for @babel/helper-validator-identifier@https://registry.npmjs.org/@babel/helper-validator-identifier/-/helper-validator-identifier-7.29.7.tgz. Extracting by manifest.
550 silly tarball no local data for @babel/helper-globals@https://registry.npmjs.org/@babel/helper-globals/-/helper-globals-7.29.7.tgz. Extracting by manifest.
551 silly tarball no local data for @babel/helper-module-imports@https://registry.npmjs.org/@babel/helper-module-imports/-/helper-module-imports-7.29.7.tgz. Extracting by manifest.
552 silly tarball no local data for @babel/helper-module-transforms@https://registry.npmjs.org/@babel/helper-module-transforms/-/helper-module-transforms-7.29.7.tgz. Extracting by manifest.
553 silly tarball no local data for @babel/helper-compilation-targets@https://registry.npmjs.org/@babel/helper-compilation-targets/-/helper-compilation-targets-7.29.7.tgz. Extracting by manifest.
554 silly tarball no local data for @babel/generator@https://registry.npmjs.org/@babel/generator/-/generator-7.29.7.tgz. Extracting by manifest.
555 silly tarball no local data for @babel/compat-data@https://registry.npmjs.org/@babel/compat-data/-/compat-data-7.29.7.tgz. Extracting by manifest.
556 silly tarball no local data for @babel/core@https://registry.npmjs.org/@babel/core/-/core-7.29.7.tgz. Extracting by manifest.
557 silly tarball no local data for @adobe/css-tools@https://registry.npmjs.org/@adobe/css-tools/-/css-tools-4.5.0.tgz. Extracting by manifest.
558 silly tarball no local data for @babel/code-frame@https://registry.npmjs.org/@babel/code-frame/-/code-frame-7.29.7.tgz. Extracting by manifest.
559 silly tarball no local data for @types/react@https://registry.npmjs.org/@types/react/-/react-19.2.17.tgz. Extracting by manifest.
560 silly tarball no local data for @asamuzakjp/css-color@https://registry.npmjs.org/@asamuzakjp/css-color/-/css-color-3.2.0.tgz. Extracting by manifest.
561 silly tarball no local data for ansi-styles@https://registry.npmjs.org/ansi-styles/-/ansi-styles-6.2.3.tgz. Extracting by manifest.
562 silly tarball no local data for content-type@https://registry.npmjs.org/content-type/-/content-type-2.0.0.tgz. Extracting by manifest.
563 silly tarball no local data for iconv-lite@https://registry.npmjs.org/iconv-lite/-/iconv-lite-0.6.3.tgz. Extracting by manifest.
564 silly tarball no local data for esbuild@https://registry.npmjs.org/esbuild/-/esbuild-0.21.5.tgz. Extracting by manifest.
565 silly tarball no local data for ansi-regex@https://registry.npmjs.org/ansi-regex/-/ansi-regex-6.2.2.tgz. Extracting by manifest.
566 silly tarball no local data for dom-accessibility-api@https://registry.npmjs.org/dom-accessibility-api/-/dom-accessibility-api-0.6.3.tgz. Extracting by manifest.
567 silly tarball no local data for mime-types@https://registry.npmjs.org/mime-types/-/mime-types-2.1.35.tgz. Extracting by manifest.
568 silly tarball no local data for rrweb-cssom@https://registry.npmjs.org/rrweb-cssom/-/rrweb-cssom-0.8.0.tgz. Extracting by manifest.
569 silly tarball no local data for @esbuild/win32-x64@https://registry.npmjs.org/@esbuild/win32-x64/-/win32-x64-0.21.5.tgz. Extracting by manifest.
570 silly tarball no local data for lru-cache@https://registry.npmjs.org/lru-cache/-/lru-cache-10.4.3.tgz. Extracting by manifest.
571 silly tarball no local data for mime-db@https://registry.npmjs.org/mime-db/-/mime-db-1.52.0.tgz. Extracting by manifest.
572 http fetch POST 200 https://registry.npmjs.org/-/npm/v1/security/advisories/bulk 466ms
573 silly audit report {
573 silly audit report   '@hono/node-server': [
573 silly audit report     {
573 silly audit report       id: 1139322,
573 silly audit report       url: 'https://github.com/advisories/GHSA-frvp-7c67-39w9',
573 silly audit report       title: 'Node.js Adapter for Hono: Path traversal in `serve-static` on Windows via encoded backslash (`%5C`)',
573 silly audit report       severity: 'moderate',
573 silly audit report       vulnerable_versions: '<1.19.15',
573 silly audit report       cwe: [Array],
573 silly audit report       cvss: [Object]
573 silly audit report     }
573 silly audit report   ],
573 silly audit report   '@vitest/mocker': [
573 silly audit report     {
573 silly audit report       id: 1193684,
573 silly audit report       url: 'https://github.com/advisories/GHSA-82fw-gwwq-j7x9',
573 silly audit report       title: 'Vitest: Path Traversal / Arbitrary File Read via @vitest/mocker Redirect Mock',
573 silly audit report       severity: 'moderate',
573 silly audit report       vulnerable_versions: '>=2.1.0 <4.1.11',
573 silly audit report       cwe: [Array],
573 silly audit report       cvss: [Object]
573 silly audit report     }
573 silly audit report   ],
573 silly audit report   'baseline-browser-mapping': [
573 silly audit report     {
573 silly audit report       id: 1193686,
573 silly audit report       url: 'https://github.com/advisories/GHSA-w5vr-8v7q-w6rv',
573 silly audit report       title: 'baseline-browser-mapping process termination on invalid input causes denial of service',
573 silly audit report       severity: 'moderate',
573 silly audit report       vulnerable_versions: '>=2.0.0 <2.11.0',
573 silly audit report       cwe: [Array],
573 silly audit report       cvss: [Object]
573 silly audit report     }
573 silly audit report   ],
573 silly audit report   'body-parser': [
573 silly audit report     {
573 silly audit report       id: 1123976,
573 silly audit report       url: 'https://github.com/advisories/GHSA-v422-hmwv-36x6',
573 silly audit report       title: 'body-parser vulnerable to denial of service when invalid limit value silently disables size enforcement',
573 silly audit report       severity: 'low',
573 silly audit report       vulnerable_versions: '>=2.0.0 <2.3.0',
573 silly audit report       cwe: [Array],
573 silly audit report       cvss: [Object]
573 silly audit report     }
573 silly audit report   ],
573 silly audit report   browserslist: [
573 silly audit report     {
573 silly audit report       id: 1153171,
573 silly audit report       url: 'https://github.com/advisories/GHSA-c83g-rgw3-j3cx',
573 silly audit report       title: 'Browserslist: Unbounded memory growth (no cache eviction) via distinct query results, leading to eventual OOM',
573 silly audit report       severity: 'high',
573 silly audit report       vulnerable_versions: '<=4.28.6',
573 silly audit report       cwe: [Array],
573 silly audit report       cvss: [Object]
573 silly audit report     },
573 silly audit report     {
573 silly audit report       id: 1153172,
573 silly audit report       url: 'https://github.com/advisories/GHSA-73wf-gq98-2v4g',
573 silly audit report       title: 'Browserslist: Uncaught crash / prototype write via untrusted browserslist-stats.json custom stats (normalizeStats)',
573 silly audit report       severity: 'high',
573 silly audit report       vulnerable_versions: '<=4.28.6',
573 silly audit report       cwe: [Array],
573 silly audit report       cvss: [Object]
573 silly audit report     }
573 silly audit report   ],
573 silly audit report   esbuild: [
573 silly audit report     {
573 silly audit report       id: 1102341,
573 silly audit report       url: 'https://github.com/advisories/GHSA-67mh-4wv8-2f99',
573 silly audit report       title: 'esbuild enables any website to send any requests to the development server and read the response',
573 silly audit report       severity: 'moderate',
573 silly audit report       vulnerable_versions: '<=0.24.2',
573 silly audit report       cwe: [Array],
573 silly audit report       cvss: [Object]
573 silly audit report     },
573 silly audit report     {
573 silly audit report       id: 1120680,
573 silly audit report       url: 'https://github.com/advisories/GHSA-g7r4-m6w7-qqqr',
573 silly audit report       title: 'esbuild allows arbitrary file read when running the development server on Windows',
573 silly audit report       severity: 'low',
573 silly audit report       vulnerable_versions: '>=0.27.3 <0.28.1',
573 silly audit report       cwe: [Array],
573 silly audit report       cvss: [Object]
573 silly audit report     }
573 silly audit report   ],
573 silly audit report   'fast-uri': [
573 silly audit report     {
573 silly audit report       id: 1158524,
573 silly audit report       url: 'https://github.com/advisories/GHSA-f65p-4m7j-42xc',
573 silly audit report       title: 'fast-uri vulnerable to server-side request forgery via malformed IPv6 normalization',
573 silly audit report       severity: 'high',
573 silly audit report       vulnerable_versions: '>=3.0.0 <3.1.6',
573 silly audit report       cwe: [Array],
573 silly audit report       cvss: [Object]
573 silly audit report     },
573 silly audit report     {
573 silly audit report       id: 1158527,
573 silly audit report       url: 'https://github.com/advisories/GHSA-fph4-wmhf-6fwf',
573 silly audit report       title: 'fast-uri vulnerable to server-side request forgery via repeated hostname percent-decoding',
573 silly audit report       severity: 'high',
573 silly audit report       vulnerable_versions: '>=3.1.2 <3.1.6',
573 silly audit report       cwe: [Array],
573 silly audit report       cvss: [Object]
573 silly audit report     },
573 silly audit report     {
573 silly audit report       id: 1158530,
573 silly audit report       url: 'https://github.com/advisories/GHSA-jqff-g426-hqxp',
573 silly audit report       title: 'fast-uri vulnerable to host confusion via percent-encoded scheme normalization',
573 silly audit report       severity: 'high',
573 silly audit report       vulnerable_versions: '>=3.0.0 <3.1.6',
573 silly audit report       cwe: [Array],
573 silly audit report       cvss: [Object]
573 silly audit report     },
573 silly audit report     {
573 silly audit report       id: 1130720,
573 silly audit report       url: 'https://github.com/advisories/GHSA-7p8r-x3mc-p8w7',
573 silly audit report       title: 'fast-uri vulnerable to host confusion via backslash authority introducer',
573 silly audit report       severity: 'high',
573 silly audit report       vulnerable_versions: '>=3.0.0 <3.1.5',
573 silly audit report       cwe: [Array],
573 silly audit report       cvss: [Object]
573 silly audit report     },
573 silly audit report     {
573 silly audit report       id: 1124064,
573 silly audit report       url: 'https://github.com/advisories/GHSA-v2hh-gcrm-f6hx',
573 silly audit report       title: 'fast-uri vulnerable to host confusion via literal backslash authority delimiter',
573 silly audit report       severity: 'high',
573 silly audit report       vulnerable_versions: '>=3.0.0 <=3.1.3',
573 silly audit report       cwe: [Array],
573 silly audit report       cvss: [Object]
573 silly audit report     },
573 silly audit report     {
573 silly audit report       id: 1204921,
573 silly audit report       url: 'https://github.com/advisories/GHSA-4c8g-83qw-93j6',
573 silly audit report       title: 'fast-uri vulnerable to host confusion via failed IDN canonicalization',
573 silly audit report       severity: 'high',
573 silly audit report       vulnerable_versions: '>=3.0.0 <3.1.3',
573 silly audit report       cwe: [Array],
573 silly audit report       cvss: [Object]
573 silly audit report     }
573 silly audit report   ],
573 silly audit report   'form-data': [
573 silly audit report     {
573 silly audit report       id: 1120743,
573 silly audit report       url: 'https://github.com/advisories/GHSA-hmw2-7cc7-3qxx',
573 silly audit report       title: 'form-data: CRLF injection in form-data via unescaped multipart field names and filenames',
573 silly audit report       severity: 'high',
573 silly audit report       vulnerable_versions: '>=4.0.0 <4.0.6',
573 silly audit report       cwe: [Array],
573 silly audit report       cvss: [Object]
573 silly audit report     }
573 silly audit report   ],
573 silly audit report   hono: [
573 silly audit report     {
573 silly audit report       id: 1130733,
573 silly audit report       url: 'https://github.com/advisories/GHSA-8j4g-w8fx-2239',
573 silly audit report       title: 'Hono: ReDoS in CORS middleware via Access-Control-Request-Headers',
573 silly audit report       severity: 'moderate',
573 silly audit report       vulnerable_versions: '<4.12.34',
573 silly audit report       cwe: [Array],
573 silly audit report       cvss: [Object]
573 silly audit report     },
573 silly audit report     {
573 silly audit report       id: 1124005,
573 silly audit report       url: 'https://github.com/advisories/GHSA-xgm2-5f3f-mvvc',
573 silly audit report       title: 'Hono: API Gateway v1 adapter can drop a distinct repeated request header value during de-duplication',
573 silly audit report       severity: 'moderate',
573 silly audit report       vulnerable_versions: '>=4.3.3 <4.12.27',
573 silly audit report       cwe: [Array],
573 silly audit report       cvss: [Object]
573 silly audit report     },
573 silly audit report     {
573 silly audit report       id: 1124009,
573 silly audit report       url: 'https://github.com/advisories/GHSA-hvrm-45r6-mjfj',
573 silly audit report       title: 'hono/jsx does not isolate context per request, leading to cross-request data disclosure',
573 silly audit report       severity: 'moderate',
573 silly audit report       vulnerable_versions: '>=4.11.8 <4.12.27',
573 silly audit report       cwe: [Array],
573 silly audit report       cvss: [Object]
573 silly audit report     },
573 silly audit report     {
573 silly audit report       id: 1124010,
573 silly audit report       url: 'https://github.com/advisories/GHSA-w62v-xxxg-mg59',
573 silly audit report       title: 'Hono: Server-Side XSS via JSX Escaping Bypass in cx() Utility',
573 silly audit report       severity: 'moderate',
573 silly audit report       vulnerable_versions: '>=4.0.0 <4.12.27',
573 silly audit report       cwe: [Array],
573 silly audit report       cvss: [Object]
573 silly audit report     },
573 silly audit report     {
573 silly audit report       id: 1138771,
573 silly audit report       url: 'https://github.com/advisories/GHSA-f23p-vx2j-j53r',
573 silly audit report       title: 'Hono: `memo()` retains SSR output across requests, leading to cross-user data disclosure',
573 silly audit report       severity: 'moderate',
573 silly audit report       vulnerable_versions: '>=3.8.0 <4.12.34',
573 silly audit report       cwe: [Array],
573 silly audit report       cvss: [Object]
573 silly audit report     },
573 silly audit report     {
573 silly audit report       id: 1138772,
573 silly audit report       url: 'https://github.com/advisories/GHSA-79qm-7rj5-m7r9',
573 silly audit report       title: 'Hono: Proxy Helper does not remove response headers listed in the `Connection` header',
573 silly audit report       severity: 'low',
573 silly audit report       vulnerable_versions: '>=4.7.0 <4.12.34',
573 silly audit report       cwe: [Array],
573 silly audit report       cvss: [Object]
573 silly audit report     },
573 silly audit report     {
573 silly audit report       id: 1138773,
573 silly audit report       url: 'https://github.com/advisories/GHSA-54fx-42gc-7vw4',
573 silly audit report       title: 'Hono: Algorithmic Complexity DoS in Language Middleware',
573 silly audit report       severity: 'moderate',
573 silly audit report       vulnerable_versions: '>=4.12.0 <4.12.34',
573 silly audit report       cwe: [Array],
573 silly audit report       cvss: [Object]
573 silly audit report     },
573 silly audit report     {
573 silly audit report       id: 1193729,
573 silly audit report       url: 'https://github.com/advisories/GHSA-gqvv-2mrq-wpjv',
573 silly audit report       title: 'Hono: Incomplete fix for CVE-2026-39408: `toSSG()` still writes files outside the output directory',
573 silly audit report       severity: 'moderate',
573 silly audit report       vulnerable_versions: '<4.13.5',
573 silly audit report       cwe: [Array],
573 silly audit report       cvss: [Object]
573 silly audit report     },
573 silly audit report     {
573 silly audit report       id: 1193730,
573 silly audit report       url: 'https://github.com/advisories/GHSA-g6gw-c38x-mqfc',
573 silly audit report       title: 'Hono: Unbounded dot-notation nesting in `parseBody()` can cause memory exhaustion',
573 silly audit report       severity: 'moderate',
573 silly audit report       vulnerable_versions: '<4.13.5',
573 silly audit report       cwe: [Array],
573 silly audit report       cvss: [Object]
573 silly audit report     },
573 silly audit report     {
573 silly audit report       id: 1193731,
573 silly audit report       url: 'https://github.com/advisories/GHSA-crvj-82cr-hjcx',
573 silly audit report       title: 'Hono: Query parser reads parameters after the URL fragment, causing cache-key and proxy interpretation differentials',
573 silly audit report       severity: 'moderate',
573 silly audit report       vulnerable_versions: '<4.13.5',
573 silly audit report       cwe: [Array],
573 silly audit report       cvss: [Object]
573 silly audit report     }
573 silly audit report   ],
573 silly audit report   'ip-address': [
573 silly audit report     {
573 silly audit report       id: 1130722,
573 silly audit report       url: 'https://github.com/advisories/GHSA-mwp4-54f8-5fhr',
573 silly audit report       title: 'ip-address: Address4 decodes leading-zero octets as decimal while resolvers decode them as octal, allowing SSRF and trust-boundary bypass',
573 silly audit report       severity: 'high',
573 silly audit report       vulnerable_versions: '<=10.3.0',
573 silly audit report       cwe: [Array],
573 silly audit report       cvss: [Object]
573 silly audit report     },
573 silly audit report     {
573 silly audit report       id: 1130723,
573 silly audit report       url: 'https://github.com/advisories/GHSA-4xrf-jv44-h6hh',
573 silly audit report       title: 'ip-address: a CIDR suffix on the parsed address suppresses special-use classification and can bypass SSRF and trust-boundary checks',
573 silly audit report       severity: 'moderate',
573 silly audit report       vulnerable_versions: '>=10.1.1 <=10.2.1',
573 silly audit report       cwe: [Array],
573 silly audit report       cvss: [Object]
573 silly audit report     },
573 silly audit report     {
573 silly audit report       id: 1130724,
573 silly audit report       url: 'https://github.com/advisories/GHSA-22jq-vg5j-6vgg',
573 silly audit report       title: 'ip-address: misclassification of IPv4-mapped/NAT64 IPv6 addresses can bypass SSRF and trust-boundary checks',
573 silly audit report       severity: 'moderate',
573 silly audit report       vulnerable_versions: '>=10.1.1 <=10.2.0',
573 silly audit report       cwe: [Array],
573 silly audit report       cvss: [Object]
573 silly audit report     }
573 silly audit report   ],
573 silly audit report   nanoid: [
573 silly audit report     {
573 silly audit report       id: 1138811,
573 silly audit report       url: 'https://github.com/advisories/GHSA-28wg-ghj8-5hjv',
573 silly audit report       title: 'nanoid: non-secure generators can loop indefinitely with negative size',
573 silly audit report       severity: 'high',
573 silly audit report       vulnerable_versions: '<3.3.16',
573 silly audit report       cwe: [Array],
573 silly audit report       cvss: [Object]
573 silly audit report     },
573 silly audit report     {
573 silly audit report       id: 1139427,
573 silly audit report       url: 'https://github.com/advisories/GHSA-2v37-7h3g-55p8',
573 silly audit report       title: 'nanoid: custom generators can loop indefinitely when size is zero',
573 silly audit report       severity: 'high',
573 silly audit report       vulnerable_versions: '<3.3.18',
573 silly audit report       cwe: [Array],
573 silly audit report       cvss: [Object]
573 silly audit report     }
573 silly audit report   ],
573 silly audit report   postcss: [
573 silly audit report     {
573 silly audit report       id: 1130709,
573 silly audit report       url: 'https://github.com/advisories/GHSA-fxqj-rqcc-2cmp',
573 silly audit report       title: 'PostCSS: incomplete fix of GHSA-6g55-p6wh-862q — attacker-controlled sourceMappingURL reads arbitrary .map files when `from` is unset',
573 silly audit report       severity: 'moderate',
573 silly audit report       vulnerable_versions: '<=8.5.22',
573 silly audit report       cwe: [Array],
573 silly audit report       cvss: [Object]
573 silly audit report     },
573 silly audit report     {
573 silly audit report       id: 1139510,
573 silly audit report       url: 'https://github.com/advisories/GHSA-r28c-9q8g-f849',
573 silly audit report       title: 'PostCSS: Path Traversal in Previous Source Map Auto-Loading (sourceMappingURL) leads to Arbitrary .map File Disclosure',
573 silly audit report       severity: 'high',
573 silly audit report       vulnerable_versions: '<=8.5.17',
573 silly audit report       cwe: [Array],
573 silly audit report       cvss: [Object]
573 silly audit report     }
573 silly audit report   ],
573 silly audit report   qs: [
573 silly audit report     {
573 silly audit report       id: 1158506,
573 silly audit report       url: 'https://github.com/advisories/GHSA-x5fp-wj9c-mxmx',
573 silly audit report       title: 'qs array-limit bypass via bracket-key comma parsing',
573 silly audit report       severity: 'moderate',
573 silly audit report       vulnerable_versions: '>=6.14.2 <=6.15.3',
573 silly audit report       cwe: [Array],
573 silly audit report       cvss: [Object]
573 silly audit report     },
573 silly audit report     {
573 silly audit report       id: 1158507,
573 silly audit report       url: 'https://github.com/advisories/GHSA-4mjr-xmp4-gh2g',
573 silly audit report       title: 'qs: Denial of Service via Attacker Controlled isBuffer',
573 silly audit report       severity: 'moderate',
573 silly audit report       vulnerable_versions: '>=2.2.5 <6.16.0',
573 silly audit report       cwe: [Array],
573 silly audit report       cvss: [Object]
573 silly audit report     }
573 silly audit report   ],
573 silly audit report   'shell-quote': [
573 silly audit report     {
573 silly audit report       id: 1123944,
573 silly audit report       url: 'https://github.com/advisories/GHSA-395f-4hp3-45gv',
573 silly audit report       title: 'shell-quote: Quadratic-complexity Denial of Service in `parse()` (CWE-407)',
573 silly audit report       severity: 'high',
573 silly audit report       vulnerable_versions: '<=1.8.4',
573 silly audit report       cwe: [Array],
573 silly audit report       cvss: [Object]
573 silly audit report     }
573 silly audit report   ],
573 silly audit report   vite: [
573 silly audit report     {
573 silly audit report       id: 1120784,
573 silly audit report       url: 'https://github.com/advisories/GHSA-v6wh-96g9-6wx3',
573 silly audit report       title: 'launch-editor: NTLMv2 hash disclosure via UNC path handling on Windows',
573 silly audit report       severity: 'moderate',
573 silly audit report       vulnerable_versions: '<=6.4.2',
573 silly audit report       cwe: [Array],
573 silly audit report       cvss: [Object]
573 silly audit report     },
573 silly audit report     {
573 silly audit report       id: 1116229,
573 silly audit report       url: 'https://github.com/advisories/GHSA-4w7w-66w2-5vf9',
573 silly audit report       title: 'Vite Vulnerable to Path Traversal in Optimized Deps `.map` Handling',
573 silly audit report       severity: 'moderate',
573 silly audit report       vulnerable_versions: '<=6.4.1',
573 silly audit report       cwe: [Array],
573 silly audit report       cvss: [Object]
573 silly audit report     },
573 silly audit report     {
573 silly audit report       id: 1123525,
573 silly audit report       url: 'https://github.com/advisories/GHSA-fx2h-pf6j-xcff',
573 silly audit report       title: 'vite: `server.fs.deny` bypass on Windows alternate paths',
573 silly audit report       severity: 'high',
573 silly audit report       vulnerable_versions: '<=6.4.2',
573 silly audit report       cwe: [Array],
573 silly audit report       cvss: [Object]
573 silly audit report     }
573 silly audit report   ],
573 silly audit report   vitest: [
573 silly audit report     {
573 silly audit report       id: 1139528,
573 silly audit report       url: 'https://github.com/advisories/GHSA-5xrq-8626-4rwp',
573 silly audit report       title: 'When Vitest UI server is listening, arbitrary file can be read and executed',
573 silly audit report       severity: 'critical',
573 silly audit report       vulnerable_versions: '<3.2.6',
573 silly audit report       cwe: [Array],
573 silly audit report       cvss: [Object]
573 silly audit report     },
573 silly audit report     {
573 silly audit report       id: 1193683,
573 silly audit report       url: 'https://github.com/advisories/GHSA-82fw-gwwq-j7x9',
573 silly audit report       title: 'Vitest: Path Traversal / Arbitrary File Read via @vitest/mocker Redirect Mock',
573 silly audit report       severity: 'moderate',
573 silly audit report       vulnerable_versions: '>=2.1.0 <4.1.11',
573 silly audit report       cwe: [Array],
573 silly audit report       cvss: [Object]
573 silly audit report     }
573 silly audit report   ]
573 silly audit report }
574 silly packumentCache corgi:https://registry.npmjs.org/@hono%2fnode-server cache-miss
575 silly packumentCache corgi:https://registry.npmjs.org/@vitest%2fmocker cache-miss
576 silly packumentCache corgi:https://registry.npmjs.org/baseline-browser-mapping cache-miss
577 silly packumentCache corgi:https://registry.npmjs.org/body-parser cache-miss
578 silly packumentCache corgi:https://registry.npmjs.org/browserslist cache-miss
579 silly packumentCache corgi:https://registry.npmjs.org/esbuild cache-miss
580 silly packumentCache corgi:https://registry.npmjs.org/fast-uri cache-miss
581 silly packumentCache corgi:https://registry.npmjs.org/form-data cache-miss
582 silly packumentCache corgi:https://registry.npmjs.org/hono cache-miss
583 silly packumentCache corgi:https://registry.npmjs.org/ip-address cache-miss
584 silly packumentCache corgi:https://registry.npmjs.org/nanoid cache-miss
585 silly packumentCache corgi:https://registry.npmjs.org/postcss cache-miss
586 silly packumentCache corgi:https://registry.npmjs.org/qs cache-miss
587 silly packumentCache corgi:https://registry.npmjs.org/shell-quote cache-miss
588 silly packumentCache corgi:https://registry.npmjs.org/vite cache-miss
589 silly packumentCache corgi:https://registry.npmjs.org/vitest cache-miss
590 http fetch GET 200 https://registry.npmjs.org/yallist/-/yallist-3.1.1.tgz 927ms (cache miss)
591 http fetch GET 200 https://registry.npmjs.org/wrappy/-/wrappy-1.0.2.tgz 927ms (cache miss)
592 http fetch GET 200 https://registry.npmjs.org/type-is/-/type-is-2.1.0.tgz 949ms (cache miss)
593 http fetch GET 200 https://registry.npmjs.org/whatwg-mimetype/-/whatwg-mimetype-4.0.0.tgz 990ms (cache miss)
594 http fetch GET 200 https://registry.npmjs.org/w3c-xmlserializer/-/w3c-xmlserializer-5.0.0.tgz 989ms (cache miss)
595 http fetch GET 200 https://registry.npmjs.org/supports-color/-/supports-color-10.2.2.tgz 980ms (cache miss)
596 http fetch GET 200 https://registry.npmjs.org/wrap-ansi/-/wrap-ansi-9.0.2.tgz 1013ms (cache miss)
597 http fetch GET 200 https://registry.npmjs.org/unpipe/-/unpipe-1.0.0.tgz 1007ms (cache miss)
598 http fetch GET 200 https://registry.npmjs.org/toidentifier/-/toidentifier-1.0.1.tgz 1005ms (cache miss)
599 http fetch GET 200 https://registry.npmjs.org/tinyrainbow/-/tinyrainbow-1.2.0.tgz 1005ms (cache miss)
600 http fetch GET 200 https://registry.npmjs.org/whatwg-encoding/-/whatwg-encoding-3.1.1.tgz 1039ms (cache miss)
601 http fetch GET 200 https://registry.npmjs.org/strip-indent/-/strip-indent-3.0.0.tgz 1029ms (cache miss)
602 http fetch GET 200 https://registry.npmjs.org/strip-ansi/-/strip-ansi-7.2.0.tgz 1030ms (cache miss)
603 http fetch GET 200 https://registry.npmjs.org/vary/-/vary-1.1.2.tgz 1060ms (cache miss)
604 http fetch GET 200 https://registry.npmjs.org/side-channel-weakmap/-/side-channel-weakmap-1.0.2.tgz 1051ms (cache miss)
605 http fetch GET 200 https://registry.npmjs.org/tree-kill/-/tree-kill-1.2.2.tgz 1086ms (cache miss)
606 http fetch GET 200 https://registry.npmjs.org/side-channel-map/-/side-channel-map-1.0.1.tgz 1081ms (cache miss)
607 http fetch GET 200 https://registry.npmjs.org/stackback/-/stackback-0.0.2.tgz 1084ms (cache miss)
608 http fetch GET 200 https://registry.npmjs.org/shebang-regex/-/shebang-regex-3.0.0.tgz 1083ms (cache miss)
609 warn deprecated whatwg-encoding@3.1.1: Use @exodus/bytes instead for a more spec-conformant and faster implementation
610 http fetch GET 200 https://registry.npmjs.org/which/-/which-2.0.2.tgz 1124ms (cache miss)
611 http fetch GET 200 https://registry.npmjs.org/string-width/-/string-width-7.2.0.tgz 1112ms (cache miss)
612 http fetch GET 200 https://registry.npmjs.org/setprototypeof/-/setprototypeof-1.2.0.tgz 1106ms (cache miss)
613 http fetch GET 200 https://registry.npmjs.org/require-from-string/-/require-from-string-2.0.2.tgz 1103ms (cache miss)
614 http fetch GET 200 https://registry.npmjs.org/scheduler/-/scheduler-0.27.0.tgz 1106ms (cache miss)
615 http fetch GET 200 https://registry.npmjs.org/shebang-command/-/shebang-command-2.0.0.tgz 1134ms (cache miss)
616 http fetch GET 200 https://registry.npmjs.org/siginfo/-/siginfo-2.0.0.tgz 1165ms (cache miss)
617 http fetch GET 200 https://registry.npmjs.org/redent/-/redent-3.0.0.tgz 1158ms (cache miss)
618 http fetch GET 200 https://registry.npmjs.org/statuses/-/statuses-2.0.2.tgz 1193ms (cache miss)
619 http fetch GET 200 https://registry.npmjs.org/send/-/send-1.2.1.tgz 1189ms (cache miss)
620 http fetch GET 200 https://registry.npmjs.org/pathval/-/pathval-2.0.1.tgz 1184ms (cache miss)
621 http fetch GET 200 https://registry.npmjs.org/object-assign/-/object-assign-4.1.1.tgz 1181ms (cache miss)
622 http fetch GET 200 https://registry.npmjs.org/xml-name-validator/-/xml-name-validator-5.0.0.tgz 1242ms (cache miss)
623 http fetch GET 200 https://registry.npmjs.org/serve-static/-/serve-static-2.2.1.tgz 1218ms (cache miss)
624 http fetch GET 200 https://registry.npmjs.org/range-parser/-/range-parser-1.2.1.tgz 1214ms (cache miss)
625 http fetch GET 200 https://registry.npmjs.org/proxy-addr/-/proxy-addr-2.0.7.tgz 1216ms (cache miss)
626 http fetch GET 200 https://registry.npmjs.org/picocolors/-/picocolors-1.1.1.tgz 1241ms (cache miss)
627 http fetch GET 200 https://registry.npmjs.org/path-to-regexp/-/path-to-regexp-8.4.2.tgz 1239ms (cache miss)
628 http fetch GET 200 https://registry.npmjs.org/on-finished/-/on-finished-2.4.1.tgz 1238ms (cache miss)
629 http fetch GET 200 https://registry.npmjs.org/once/-/once-1.4.0.tgz 1239ms (cache miss)
630 http fetch GET 200 https://registry.npmjs.org/node-releases/-/node-releases-2.0.47.tgz 1239ms (cache miss)
631 http fetch GET 200 https://registry.npmjs.org/why-is-node-running/-/why-is-node-running-2.3.0.tgz 1306ms (cache miss)
632 http fetch GET 200 https://registry.npmjs.org/parseurl/-/parseurl-1.3.3.tgz 1283ms (cache miss)
633 http fetch GET 200 https://registry.npmjs.org/punycode/-/punycode-2.3.1.tgz 1286ms (cache miss)
634 http fetch GET 200 https://registry.npmjs.org/negotiator/-/negotiator-1.0.0.tgz 1283ms (cache miss)
635 http fetch GET 200 https://registry.npmjs.org/ms/-/ms-2.1.3.tgz 1282ms (cache miss)
636 http fetch GET 200 https://registry.npmjs.org/min-indent/-/min-indent-1.0.1.tgz 1284ms (cache miss)
637 http fetch GET 200 https://registry.npmjs.org/update-browserslist-db/-/update-browserslist-db-1.2.3.tgz 1352ms (cache miss)
638 http fetch GET 200 https://registry.npmjs.org/webidl-conversions/-/webidl-conversions-7.0.0.tgz 1356ms (cache miss)
639 http fetch GET 200 https://registry.npmjs.org/path-key/-/path-key-3.1.1.tgz 1337ms (cache miss)
640 http fetch GET 200 https://registry.npmjs.org/lru-cache/-/lru-cache-5.1.1.tgz 1328ms (cache miss)
641 http fetch GET 200 https://registry.npmjs.org/merge-descriptors/-/merge-descriptors-2.0.0.tgz 1331ms (cache miss)
642 http fetch GET 200 https://registry.npmjs.org/nanoid/-/nanoid-3.3.12.tgz 1330ms (cache miss)
643 http fetch GET 200 https://registry.npmjs.org/hasown/-/hasown-2.0.4.tgz 1322ms (cache miss)
644 http fetch GET 200 https://registry.npmjs.org/https-proxy-agent/-/https-proxy-agent-7.0.6.tgz 1327ms (cache miss)
645 http fetch GET 200 https://registry.npmjs.org/media-typer/-/media-typer-1.1.0.tgz 1351ms (cache miss)
646 http fetch GET 200 https://registry.npmjs.org/jsesc/-/jsesc-3.1.0.tgz 1349ms (cache miss)
647 http fetch GET 200 https://registry.npmjs.org/js-tokens/-/js-tokens-4.0.0.tgz 1351ms (cache miss)
648 http fetch GET 200 https://registry.npmjs.org/inherits/-/inherits-2.0.4.tgz 1393ms (cache miss)
649 http fetch GET 200 https://registry.npmjs.org/indent-string/-/indent-string-4.0.0.tgz 1392ms (cache miss)
650 http fetch GET 200 https://registry.npmjs.org/http-errors/-/http-errors-2.0.1.tgz 1393ms (cache miss)
651 http fetch GET 200 https://registry.npmjs.org/is-promise/-/is-promise-4.0.0.tgz 1395ms (cache miss)
652 http fetch GET 200 https://registry.npmjs.org/gopd/-/gopd-1.2.0.tgz 1390ms (cache miss)
653 http fetch GET 200 https://registry.npmjs.org/is-potential-custom-element-name/-/is-potential-custom-element-name-1.0.1.tgz 1391ms (cache miss)
654 http fetch GET 200 https://registry.npmjs.org/http-proxy-agent/-/http-proxy-agent-7.0.2.tgz 1423ms (cache miss)
655 http fetch GET 200 https://registry.npmjs.org/html-encoding-sniffer/-/html-encoding-sniffer-4.0.0.tgz 1422ms (cache miss)
656 http fetch GET 200 https://registry.npmjs.org/forwarded/-/forwarded-0.2.0.tgz 1418ms (cache miss)
657 http fetch GET 200 https://registry.npmjs.org/fresh/-/fresh-2.0.0.tgz 1419ms (cache miss)
658 http fetch GET 200 https://registry.npmjs.org/get-proto/-/get-proto-1.0.1.tgz 1450ms (cache miss)
659 http fetch GET 200 https://registry.npmjs.org/get-caller-file/-/get-caller-file-2.0.5.tgz 1450ms (cache miss)
660 http fetch GET 200 https://registry.npmjs.org/function-bind/-/function-bind-1.1.2.tgz 1450ms (cache miss)
661 http fetch GET 200 https://registry.npmjs.org/etag/-/etag-1.8.1.tgz 1446ms (cache miss)
662 http fetch GET 200 https://registry.npmjs.org/es-errors/-/es-errors-1.3.0.tgz 1444ms (cache miss)
663 http fetch GET 200 https://registry.npmjs.org/emoji-regex/-/emoji-regex-10.6.0.tgz 1444ms (cache miss)
664 http fetch GET 200 https://registry.npmjs.org/tinyspy/-/tinyspy-3.0.2.tgz 1514ms (cache miss)
665 http fetch GET 200 https://registry.npmjs.org/finalhandler/-/finalhandler-2.1.1.tgz 1476ms (cache miss)
666 http fetch GET 200 https://registry.npmjs.org/escape-html/-/escape-html-1.0.3.tgz 1472ms (cache miss)
667 http fetch GET 200 https://registry.npmjs.org/data-urls/-/data-urls-5.0.0.tgz 1468ms (cache miss)
668 http fetch GET 200 https://registry.npmjs.org/fast-deep-equal/-/fast-deep-equal-3.1.3.tgz 1526ms (cache miss)
669 http fetch GET 200 https://registry.npmjs.org/cookie-signature/-/cookie-signature-1.2.2.tgz 1514ms (cache miss)
670 http fetch GET 200 https://registry.npmjs.org/tinyexec/-/tinyexec-0.3.2.tgz 1600ms (cache miss)
671 http fetch GET 200 https://registry.npmjs.org/mime-types/-/mime-types-3.0.2.tgz 1584ms (cache miss)
672 http fetch GET 200 https://registry.npmjs.org/es-set-tostringtag/-/es-set-tostringtag-2.1.0.tgz 1562ms (cache miss)
673 http fetch GET 200 https://registry.npmjs.org/escalade/-/escalade-3.2.0.tgz 1564ms (cache miss)
674 http fetch GET 200 https://registry.npmjs.org/es-object-atoms/-/es-object-atoms-1.1.2.tgz 1563ms (cache miss)
675 http fetch GET 200 https://registry.npmjs.org/es-define-property/-/es-define-property-1.0.1.tgz 1563ms (cache miss)
676 http fetch GET 200 https://registry.npmjs.org/ee-first/-/ee-first-1.1.1.tgz 1561ms (cache miss)
677 http fetch GET 200 https://registry.npmjs.org/deep-eql/-/deep-eql-5.0.2.tgz 1559ms (cache miss)
678 http fetch GET 200 https://registry.npmjs.org/tinybench/-/tinybench-2.9.0.tgz 1640ms (cache miss)
679 http fetch GET 200 https://registry.npmjs.org/router/-/router-2.2.0.tgz 1631ms (cache miss)
680 http fetch GET 200 https://registry.npmjs.org/raw-body/-/raw-body-3.0.2.tgz 1632ms (cache miss)
681 http fetch GET 200 https://registry.npmjs.org/encodeurl/-/encodeurl-2.0.0.tgz 1601ms (cache miss)
682 http fetch GET 200 https://registry.npmjs.org/call-bind-apply-helpers/-/call-bind-apply-helpers-1.0.2.tgz 1593ms (cache miss)
683 http fetch GET 200 https://registry.npmjs.org/bytes/-/bytes-3.1.2.tgz 1593ms (cache miss)
684 http fetch GET 200 https://registry.npmjs.org/dequal/-/dequal-2.0.3.tgz 1632ms (cache miss)
685 http fetch GET 200 https://registry.npmjs.org/delayed-stream/-/delayed-stream-1.0.0.tgz 1630ms (cache miss)
686 http fetch GET 200 https://registry.npmjs.org/combined-stream/-/combined-stream-1.0.8.tgz 1625ms (cache miss)
687 http fetch GET 200 https://registry.npmjs.org/depd/-/depd-2.0.0.tgz 1632ms (cache miss)
688 http fetch GET 200 https://registry.npmjs.org/convert-source-map/-/convert-source-map-2.0.0.tgz 1629ms (cache miss)
689 http fetch GET 200 https://registry.npmjs.org/saxes/-/saxes-6.0.0.tgz 1704ms (cache miss)
690 http fetch GET 200 https://registry.npmjs.org/css.escape/-/css.escape-1.5.1.tgz 1663ms (cache miss)
691 http fetch GET 200 https://registry.npmjs.org/cross-spawn/-/cross-spawn-7.0.6.tgz 1663ms (cache miss)
692 http fetch GET 200 https://registry.npmjs.org/cors/-/cors-2.8.6.tgz 1664ms (cache miss)
693 http fetch GET 200 https://registry.npmjs.org/check-error/-/check-error-2.1.3.tgz 1661ms (cache miss)
694 http fetch GET 200 https://registry.npmjs.org/call-bound/-/call-bound-1.0.4.tgz 1660ms (cache miss)
695 http fetch GET 200 https://registry.npmjs.org/symbol-tree/-/symbol-tree-3.2.4.tgz 1748ms (cache miss)
696 http fetch GET 200 https://registry.npmjs.org/ipaddr.js/-/ipaddr.js-1.9.1.tgz 1718ms (cache miss)
697 http fetch GET 200 https://registry.npmjs.org/cookie/-/cookie-0.7.2.tgz 1698ms (cache miss)
698 http fetch GET 200 https://registry.npmjs.org/content-type/-/content-type-1.0.5.tgz 1697ms (cache miss)
699 http fetch GET 200 https://registry.npmjs.org/content-disposition/-/content-disposition-1.1.0.tgz 1692ms (cache miss)
700 http fetch GET 200 https://registry.npmjs.org/assertion-error/-/assertion-error-2.0.1.tgz 1694ms (cache miss)
701 http fetch GET 200 https://registry.npmjs.org/ansi-styles/-/ansi-styles-5.2.0.tgz 1693ms (cache miss)
702 http fetch GET 200 https://registry.npmjs.org/ansi-regex/-/ansi-regex-5.0.1.tgz 1694ms (cache miss)
703 http fetch GET 200 https://registry.npmjs.org/body-parser/-/body-parser-2.2.2.tgz 1720ms (cache miss)
704 http fetch GET 200 https://registry.npmjs.org/accepts/-/accepts-2.0.0.tgz 1716ms (cache miss)
705 http fetch GET 200 https://registry.npmjs.org/@vitest/spy/-/spy-2.1.9.tgz 1717ms (cache miss)
706 http fetch GET 200 https://registry.npmjs.org/std-env/-/std-env-3.10.0.tgz 1804ms (cache miss)
707 http fetch GET 200 https://registry.npmjs.org/@types/react-dom/-/react-dom-19.2.3.tgz 1739ms (cache miss)
708 http fetch GET 200 https://registry.npmjs.org/@vitest/pretty-format/-/pretty-format-2.1.9.tgz 1738ms (cache miss)
709 http fetch GET 200 https://registry.npmjs.org/@types/babel__generator/-/babel__generator-7.27.0.tgz 1765ms (cache miss)
710 http fetch GET 200 https://registry.npmjs.org/@types/babel__template/-/babel__template-7.4.4.tgz 1768ms (cache miss)
711 http fetch GET 200 https://registry.npmjs.org/tr46/-/tr46-5.1.1.tgz 1873ms (cache miss)
712 http fetch GET 200 https://registry.npmjs.org/isexe/-/isexe-2.0.0.tgz 1848ms (cache miss)
713 http fetch GET 200 https://registry.npmjs.org/@types/estree/-/estree-1.0.9.tgz 1818ms (cache miss)
714 http fetch GET 200 https://registry.npmjs.org/@types/babel__core/-/babel__core-7.20.5.tgz 1818ms (cache miss)
715 http fetch GET 200 https://registry.npmjs.org/@rolldown/pluginutils/-/pluginutils-1.0.0-beta.27.tgz 1813ms (cache miss)
716 http fetch GET 200 https://registry.npmjs.org/gensync/-/gensync-1.0.0-beta.2.tgz 1876ms (cache miss)
717 http fetch GET 200 https://registry.npmjs.org/get-east-asian-width/-/get-east-asian-width-1.6.0.tgz 1878ms (cache miss)
718 http fetch GET 200 https://registry.npmjs.org/@types/babel__traverse/-/babel__traverse-7.28.0.tgz 1842ms (cache miss)
719 http fetch GET 200 https://registry.npmjs.org/safer-buffer/-/safer-buffer-2.1.2.tgz 1944ms (cache miss)
720 http fetch GET 200 https://registry.npmjs.org/y18n/-/y18n-5.0.8.tgz 2011ms (cache miss)
721 http fetch GET 200 https://registry.npmjs.org/@types/aria-query/-/aria-query-5.0.4.tgz 1938ms (cache miss)
722 http fetch GET 200 https://registry.npmjs.org/@csstools/css-tokenizer/-/css-tokenizer-3.0.4.tgz 1937ms (cache miss)
723 http fetch GET 200 https://registry.npmjs.org/react-refresh/-/react-refresh-0.17.0.tgz 2019ms (cache miss)
724 http fetch GET 200 https://registry.npmjs.org/react-is/-/react-is-17.0.2.tgz 2019ms (cache miss)
725 http fetch GET 200 https://registry.npmjs.org/@babel/plugin-transform-react-jsx-source/-/plugin-transform-react-jsx-source-7.29.7.tgz 1945ms (cache miss)
726 http fetch GET 200 https://registry.npmjs.org/@babel/helper-globals/-/helper-globals-7.29.7.tgz 1944ms (cache miss)
727 http fetch GET 200 https://registry.npmjs.org/@babel/helper-compilation-targets/-/helper-compilation-targets-7.29.7.tgz 1943ms (cache miss)
728 http fetch GET 200 https://registry.npmjs.org/@hono/zod-validator/-/zod-validator-0.4.3.tgz 1975ms (cache miss)
729 http fetch GET 200 https://registry.npmjs.org/@babel/compat-data/-/compat-data-7.29.7.tgz 1963ms (cache miss)
730 http fetch GET 200 https://registry.npmjs.org/nwsapi/-/nwsapi-2.2.24.tgz 2054ms (cache miss)
731 http fetch GET 200 https://registry.npmjs.org/@jridgewell/remapping/-/remapping-2.3.5.tgz 1995ms (cache miss)
732 http fetch GET 200 https://registry.npmjs.org/@babel/helper-validator-option/-/helper-validator-option-7.29.7.tgz 1985ms (cache miss)
733 http fetch GET 200 https://registry.npmjs.org/ansi-styles/-/ansi-styles-6.2.3.tgz 1975ms (cache miss)
734 http fetch GET 200 https://registry.npmjs.org/side-channel/-/side-channel-1.1.1.tgz 2086ms (cache miss)
735 http fetch GET 200 https://registry.npmjs.org/get-intrinsic/-/get-intrinsic-1.3.0.tgz 2059ms (cache miss)
736 http fetch GET 200 https://registry.npmjs.org/@babel/helper-plugin-utils/-/helper-plugin-utils-7.29.7.tgz 2008ms (cache miss)
737 http fetch GET 200 https://registry.npmjs.org/@babel/helper-string-parser/-/helper-string-parser-7.29.7.tgz 2009ms (cache miss)
738 http fetch GET 200 https://registry.npmjs.org/@babel/code-frame/-/code-frame-7.29.7.tgz 2003ms (cache miss)
739 http fetch GET 200 https://registry.npmjs.org/@babel/plugin-transform-react-jsx-self/-/plugin-transform-react-jsx-self-7.29.7.tgz 2035ms (cache miss)
740 http fetch GET 200 https://registry.npmjs.org/content-type/-/content-type-2.0.0.tgz 2024ms (cache miss)
741 http fetch GET 200 https://registry.npmjs.org/side-channel-list/-/side-channel-list-1.0.1.tgz 2131ms (cache miss)
742 http fetch GET 200 https://registry.npmjs.org/debug/-/debug-4.4.3.tgz 2084ms (cache miss)
743 http fetch GET 200 https://registry.npmjs.org/mime-types/-/mime-types-2.1.35.tgz 2032ms (cache miss)
744 http fetch GET 200 https://registry.npmjs.org/ansi-regex/-/ansi-regex-6.2.2.tgz 2033ms (cache miss)
745 http fetch GET 200 https://registry.npmjs.org/semver/-/semver-6.3.1.tgz 2135ms (cache miss)
746 http fetch GET 200 https://registry.npmjs.org/form-data/-/form-data-4.0.5.tgz 2107ms (cache miss)
747 http fetch GET 200 https://registry.npmjs.org/cliui/-/cliui-9.0.1.tgz 2089ms (cache miss)
748 http fetch GET 200 https://registry.npmjs.org/mime-db/-/mime-db-1.54.0.tgz 2159ms (cache miss)
749 http fetch GET 200 https://registry.npmjs.org/shell-quote 1885ms (cache miss)
750 silly packumentCache corgi:https://registry.npmjs.org/shell-quote set size:undefined disposed:false
751 http fetch GET 200 https://registry.npmjs.org/fast-uri 1895ms (cache miss)
752 silly packumentCache corgi:https://registry.npmjs.org/fast-uri set size:undefined disposed:false
753 http fetch GET 200 https://registry.npmjs.org/pkce-challenge/-/pkce-challenge-5.0.1.tgz 2214ms (cache miss)
754 http fetch GET 200 https://registry.npmjs.org/json-schema-typed/-/json-schema-typed-8.0.2.tgz 2200ms (cache miss)
755 http fetch GET 200 https://registry.npmjs.org/es-module-lexer/-/es-module-lexer-1.7.0.tgz 2189ms (cache miss)
756 http fetch GET 200 https://registry.npmjs.org/ip-address 1978ms (cache miss)
757 silly packumentCache corgi:https://registry.npmjs.org/ip-address set size:undefined disposed:false
758 http fetch GET 200 https://registry.npmjs.org/@hono%2fnode-server 2001ms (cache miss)
759 silly packumentCache corgi:https://registry.npmjs.org/@hono%2fnode-server set size:undefined disposed:false
760 http fetch GET 200 https://registry.npmjs.org/body-parser 2003ms (cache miss)
761 silly packumentCache corgi:https://registry.npmjs.org/body-parser set size:undefined disposed:false
762 http fetch GET 200 https://registry.npmjs.org/form-data 2003ms (cache miss)
763 silly packumentCache corgi:https://registry.npmjs.org/form-data set size:undefined disposed:false
764 http fetch GET 200 https://registry.npmjs.org/@csstools/css-calc/-/css-calc-2.1.4.tgz 2277ms (cache miss)
765 http fetch GET 200 https://registry.npmjs.org/@csstools/css-parser-algorithms/-/css-parser-algorithms-3.0.5.tgz 2278ms (cache miss)
766 http fetch GET 200 https://registry.npmjs.org/baseline-browser-mapping 2053ms (cache miss)
767 silly packumentCache corgi:https://registry.npmjs.org/baseline-browser-mapping set size:undefined disposed:false
768 http fetch GET 200 https://registry.npmjs.org/nanoid 2052ms (cache miss)
769 silly packumentCache corgi:https://registry.npmjs.org/nanoid set size:undefined disposed:false
770 http fetch GET 200 https://registry.npmjs.org/@vitest/expect/-/expect-2.1.9.tgz 2320ms (cache miss)
771 http fetch GET 200 https://registry.npmjs.org/@csstools/color-helpers/-/color-helpers-5.1.0.tgz 2304ms (cache miss)
772 http fetch GET 200 https://registry.npmjs.org/@vitest%2fmocker 2082ms (cache miss)
773 silly packumentCache corgi:https://registry.npmjs.org/@vitest%2fmocker set size:undefined disposed:false
774 http fetch GET 200 https://registry.npmjs.org/express/-/express-5.2.1.tgz 2371ms (cache miss)
775 http fetch GET 200 https://registry.npmjs.org/express-rate-limit/-/express-rate-limit-8.5.2.tgz 2370ms (cache miss)
776 http fetch GET 200 https://registry.npmjs.org/@vitejs/plugin-react/-/plugin-react-4.7.0.tgz 2343ms (cache miss)
777 http fetch GET 200 https://registry.npmjs.org/qs 2089ms (cache miss)
778 silly packumentCache corgi:https://registry.npmjs.org/qs set size:undefined disposed:false
779 http fetch GET 200 https://registry.npmjs.org/browserslist/-/browserslist-4.28.2.tgz 2383ms (cache miss)
780 http fetch GET 200 https://registry.npmjs.org/@jridgewell/resolve-uri/-/resolve-uri-3.1.2.tgz 2363ms (cache miss)
781 http fetch GET 200 https://registry.npmjs.org/@csstools/css-color-parser/-/css-color-parser-3.1.0.tgz 2364ms (cache miss)
782 http fetch GET 200 https://registry.npmjs.org/esbuild/-/esbuild-0.28.0.tgz 2417ms (cache miss)
783 http fetch GET 200 https://registry.npmjs.org/json-schema-traverse/-/json-schema-traverse-1.0.0.tgz 2447ms (cache miss)
784 http fetch GET 200 https://registry.npmjs.org/yargs-parser/-/yargs-parser-22.0.0.tgz 2508ms (cache miss)
785 http fetch GET 200 https://registry.npmjs.org/estree-walker/-/estree-walker-3.0.3.tgz 2447ms (cache miss)
786 http fetch GET 200 https://registry.npmjs.org/baseline-browser-mapping/-/baseline-browser-mapping-2.10.35.tgz 2431ms (cache miss)
787 http fetch GET 200 https://registry.npmjs.org/mime-db/-/mime-db-1.52.0.tgz 2386ms (cache miss)
788 http fetch GET 200 https://registry.npmjs.org/decimal.js/-/decimal.js-10.6.0.tgz 2457ms (cache miss)
789 http fetch GET 200 https://registry.npmjs.org/tslib/-/tslib-2.8.1.tgz 2521ms (cache miss)
790 http fetch GET 200 https://registry.npmjs.org/electron-to-chromium/-/electron-to-chromium-1.5.370.tgz 2471ms (cache miss)
791 http fetch GET 200 https://registry.npmjs.org/esbuild/-/esbuild-0.21.5.tgz 2438ms (cache miss)
792 http fetch GET 200 https://registry.npmjs.org/browserslist 2250ms (cache miss)
793 silly packumentCache corgi:https://registry.npmjs.org/browserslist set size:undefined disposed:false
794 http fetch GET 200 https://registry.npmjs.org/@babel/helper-validator-identifier/-/helper-validator-identifier-7.29.7.tgz 2517ms (cache miss)
795 http fetch GET 200 https://registry.npmjs.org/dunder-proto/-/dunder-proto-1.0.1.tgz 2583ms (cache miss)
796 http fetch GET 200 https://registry.npmjs.org/postcss 2321ms (cache miss)
797 silly packumentCache corgi:https://registry.npmjs.org/postcss set size:undefined disposed:false
798 http fetch GET 200 https://registry.npmjs.org/shell-quote/-/shell-quote-1.8.4.tgz 2692ms (cache miss)
799 http fetch GET 200 https://registry.npmjs.org/has-tostringtag/-/has-tostringtag-1.0.2.tgz 2679ms (cache miss)
800 http fetch GET 200 https://registry.npmjs.org/has-symbols/-/has-symbols-1.1.0.tgz 2682ms (cache miss)
801 http fetch GET 200 https://registry.npmjs.org/tinypool/-/tinypool-1.1.1.tgz 2734ms (cache miss)
802 http fetch GET 200 https://registry.npmjs.org/agent-base/-/agent-base-7.1.4.tgz 2676ms (cache miss)
803 http fetch GET 200 https://registry.npmjs.org/eventsource/-/eventsource-3.0.7.tgz 2735ms (cache miss)
804 http fetch GET 200 https://registry.npmjs.org/@vitest/snapshot/-/snapshot-2.1.9.tgz 2717ms (cache miss)
805 http fetch GET 200 https://registry.npmjs.org/@vitest/runner/-/runner-2.1.9.tgz 2727ms (cache miss)
806 http fetch GET 200 https://registry.npmjs.org/pathe/-/pathe-1.1.2.tgz 2785ms (cache miss)
807 http fetch GET 200 https://registry.npmjs.org/@babel/helper-module-imports/-/helper-module-imports-7.29.7.tgz 2707ms (cache miss)
808 http fetch GET 200 https://registry.npmjs.org/expect-type/-/expect-type-1.3.0.tgz 2773ms (cache miss)
809 http fetch GET 200 https://registry.npmjs.org/cac/-/cac-6.7.14.tgz 2782ms (cache miss)
810 http fetch GET 200 https://registry.npmjs.org/hono 2535ms (cache miss)
811 silly packumentCache corgi:https://registry.npmjs.org/hono set size:undefined disposed:false
812 http fetch GET 200 https://registry.npmjs.org/chalk/-/chalk-5.6.2.tgz 2926ms (cache miss)
813 http fetch GET 200 https://registry.npmjs.org/source-map-js/-/source-map-js-1.2.1.tgz 2990ms (cache miss)
814 http fetch GET 200 https://registry.npmjs.org/whatwg-url/-/whatwg-url-14.2.0.tgz 3009ms (cache miss)
815 http fetch GET 200 https://registry.npmjs.org/ajv-formats/-/ajv-formats-3.0.1.tgz 2930ms (cache miss)
816 http fetch GET 200 https://registry.npmjs.org/magic-string/-/magic-string-0.30.21.tgz 2980ms (cache miss)
817 http fetch GET 200 https://registry.npmjs.org/esbuild 2712ms (cache miss)
818 silly packumentCache corgi:https://registry.npmjs.org/esbuild set size:undefined disposed:false
819 http fetch GET 200 https://registry.npmjs.org/xmlchars/-/xmlchars-2.2.0.tgz 3080ms (cache miss)
820 http fetch GET 200 https://registry.npmjs.org/lz-string/-/lz-string-1.5.0.tgz 3057ms (cache miss)
821 http fetch GET 200 https://registry.npmjs.org/csstype/-/csstype-3.2.3.tgz 3042ms (cache miss)
822 http fetch GET 200 https://registry.npmjs.org/asynckit/-/asynckit-0.4.0.tgz 3090ms (cache miss)
823 http fetch GET 200 https://registry.npmjs.org/ws/-/ws-8.21.0.tgz 3215ms (cache miss)
824 http fetch GET 200 https://registry.npmjs.org/qs/-/qs-6.15.2.tgz 3208ms (cache miss)
825 http fetch GET 200 https://registry.npmjs.org/@vitest/utils/-/utils-2.1.9.tgz 3162ms (cache miss)
826 http fetch GET 200 https://registry.npmjs.org/json5/-/json5-2.2.3.tgz 3213ms (cache miss)
827 http fetch GET 200 https://registry.npmjs.org/@types/react/-/react-19.2.17.tgz 3148ms (cache miss)
828 http fetch GET 200 https://registry.npmjs.org/eventsource-parser/-/eventsource-parser-3.1.0.tgz 3214ms (cache miss)
829 http fetch GET 200 https://registry.npmjs.org/@babel/helper-module-transforms/-/helper-module-transforms-7.29.7.tgz 3162ms (cache miss)
830 http fetch GET 200 https://registry.npmjs.org/@babel/template/-/template-7.29.7.tgz 3187ms (cache miss)
831 http fetch GET 200 https://registry.npmjs.org/vitest 2958ms (cache miss)
832 silly packumentCache corgi:https://registry.npmjs.org/vitest set size:undefined disposed:false
833 http fetch GET 200 https://registry.npmjs.org/@vitest/mocker/-/mocker-2.1.9.tgz 3332ms (cache miss)
834 http fetch GET 200 https://registry.npmjs.org/react/-/react-19.2.7.tgz 3461ms (cache miss)
835 http fetch GET 200 https://registry.npmjs.org/math-intrinsics/-/math-intrinsics-1.1.0.tgz 3502ms (cache miss)
836 http fetch GET 200 https://registry.npmjs.org/rrweb-cssom/-/rrweb-cssom-0.7.1.tgz 3518ms (cache miss)
837 http fetch GET 200 https://registry.npmjs.org/@jridgewell/sourcemap-codec/-/sourcemap-codec-1.5.5.tgz 3478ms (cache miss)
838 http fetch GET 200 https://registry.npmjs.org/undici-types/-/undici-types-7.18.2.tgz 3589ms (cache miss)
839 http fetch GET 200 https://registry.npmjs.org/object-inspect/-/object-inspect-1.13.4.tgz 3572ms (cache miss)
840 http fetch GET 200 https://registry.npmjs.org/@rollup/rollup-win32-x64-gnu/-/rollup-win32-x64-gnu-4.61.1.tgz 3524ms (cache miss)
841 http fetch GET 200 https://registry.npmjs.org/@babel/parser/-/parser-7.29.7.tgz 3511ms (cache miss)
842 http fetch GET 200 https://registry.npmjs.org/vite 3304ms (cache miss)
843 silly packumentCache corgi:https://registry.npmjs.org/vite set size:undefined disposed:false
844 http fetch GET 200 https://registry.npmjs.org/@testing-library/react/-/react-16.3.2.tgz 3621ms (cache miss)
845 http fetch GET 200 https://registry.npmjs.org/pretty-format/-/pretty-format-27.5.1.tgz 3689ms (cache miss)
846 http fetch GET 200 https://registry.npmjs.org/@adobe/css-tools/-/css-tools-4.5.0.tgz 3613ms (cache miss)
847 http fetch GET 200 https://registry.npmjs.org/rrweb-cssom/-/rrweb-cssom-0.8.0.tgz 3613ms (cache miss)
848 http fetch GET 200 https://registry.npmjs.org/lru-cache/-/lru-cache-10.4.3.tgz 3613ms (cache miss)
849 http fetch GET 200 https://registry.npmjs.org/@jridgewell/gen-mapping/-/gen-mapping-0.3.13.tgz 3653ms (cache miss)
850 http fetch GET 200 https://registry.npmjs.org/fast-uri/-/fast-uri-3.1.2.tgz 3705ms (cache miss)
851 http fetch GET 200 https://registry.npmjs.org/iconv-lite/-/iconv-lite-0.7.2.tgz 3718ms (cache miss)
852 http fetch GET 200 https://registry.npmjs.org/ip-address/-/ip-address-10.2.0.tgz 3728ms (cache miss)
853 silly packumentCache corgi:https://registry.npmjs.org/@modelcontextprotocol%2fsdk cache-miss
854 http fetch GET 200 https://registry.npmjs.org/vite-node/-/vite-node-2.1.9.tgz 3824ms (cache miss)
855 http fetch GET 200 https://registry.npmjs.org/@rollup/rollup-win32-x64-msvc/-/rollup-win32-x64-msvc-4.61.1.tgz 3747ms (cache miss)
856 http fetch GET 200 https://registry.npmjs.org/@modelcontextprotocol%2fsdk 117ms (cache miss)
857 silly packumentCache corgi:https://registry.npmjs.org/@modelcontextprotocol%2fsdk set size:undefined disposed:false
858 http fetch GET 200 https://registry.npmjs.org/iconv-lite/-/iconv-lite-0.6.3.tgz 3808ms (cache miss)
859 http fetch GET 200 https://registry.npmjs.org/@testing-library/jest-dom/-/jest-dom-6.9.1.tgz 3964ms (cache miss)
860 silly packumentCache corgi:https://registry.npmjs.org/express cache-miss
861 http fetch GET 200 https://registry.npmjs.org/tough-cookie/-/tough-cookie-5.1.2.tgz 4081ms (cache miss)
862 http fetch GET 200 https://registry.npmjs.org/@jridgewell/trace-mapping/-/trace-mapping-0.3.31.tgz 4081ms (cache miss)
863 http fetch GET 200 https://registry.npmjs.org/postcss/-/postcss-8.5.15.tgz 4157ms (cache miss)
864 http fetch GET 200 https://registry.npmjs.org/express 156ms (cache miss)
865 silly packumentCache corgi:https://registry.npmjs.org/express set size:undefined disposed:false
866 silly packumentCache corgi:https://registry.npmjs.org/@babel%2fhelper-compilation-targets cache-miss
867 silly packumentCache corgi:https://registry.npmjs.org/update-browserslist-db cache-miss
868 http fetch GET 200 https://registry.npmjs.org/chai/-/chai-5.3.3.tgz 4252ms (cache miss)
869 http fetch GET 200 https://registry.npmjs.org/rollup/-/rollup-4.61.1.tgz 4305ms (cache miss)
870 http fetch GET 200 https://registry.npmjs.org/loupe/-/loupe-3.2.1.tgz 4290ms (cache miss)
871 http fetch GET 200 https://registry.npmjs.org/@hono/node-server/-/node-server-1.19.14.tgz 4231ms (cache miss)
872 http fetch GET 200 https://registry.npmjs.org/@babel/generator/-/generator-7.29.7.tgz 4222ms (cache miss)
873 http fetch GET 200 https://registry.npmjs.org/tsx/-/tsx-4.22.4.tgz 4338ms (cache miss)
874 http fetch GET 200 https://registry.npmjs.org/yargs/-/yargs-18.0.0.tgz 4400ms (cache miss)
875 http fetch GET 200 https://registry.npmjs.org/update-browserslist-db 85ms (cache miss)
876 silly packumentCache corgi:https://registry.npmjs.org/update-browserslist-db set size:undefined disposed:false
877 http fetch GET 200 https://registry.npmjs.org/@babel%2fhelper-compilation-targets 104ms (cache miss)
878 silly packumentCache corgi:https://registry.npmjs.org/@babel%2fhelper-compilation-targets set size:undefined disposed:false
879 http fetch GET 200 https://registry.npmjs.org/dom-accessibility-api/-/dom-accessibility-api-0.5.16.tgz 4375ms (cache miss)
880 http fetch GET 200 https://registry.npmjs.org/tldts/-/tldts-6.1.86.tgz 4469ms (cache miss)
881 http fetch GET 200 https://registry.npmjs.org/vite/-/vite-5.4.21.tgz 4569ms (cache miss)
882 silly packumentCache corgi:https://registry.npmjs.org/tsx cache-miss
883 http fetch GET 200 https://registry.npmjs.org/dom-accessibility-api/-/dom-accessibility-api-0.6.3.tgz 4489ms (cache miss)
884 http fetch GET 200 https://registry.npmjs.org/tsx 69ms (cache miss)
885 silly packumentCache corgi:https://registry.npmjs.org/tsx set size:undefined disposed:false
886 http fetch GET 200 https://registry.npmjs.org/@testing-library/dom/-/dom-10.4.1.tgz 4583ms (cache miss)
887 silly packumentCache corgi:https://registry.npmjs.org/ajv cache-miss
888 http fetch GET 200 https://registry.npmjs.org/@types/node/-/node-24.13.1.tgz 4642ms (cache miss)
889 http fetch GET 200 https://registry.npmjs.org/@babel/traverse/-/traverse-7.29.7.tgz 4665ms (cache miss)
890 http fetch GET 200 https://registry.npmjs.org/ajv 99ms (cache miss)
891 silly packumentCache corgi:https://registry.npmjs.org/ajv set size:undefined disposed:false
892 http fetch GET 200 https://registry.npmjs.org/parse5/-/parse5-7.3.0.tgz 4784ms (cache miss)
893 silly packumentCache corgi:https://registry.npmjs.org/jsdom cache-miss
894 http fetch GET 200 https://registry.npmjs.org/jsdom 88ms (cache miss)
895 silly packumentCache corgi:https://registry.npmjs.org/jsdom set size:undefined disposed:false
896 silly packumentCache corgi:https://registry.npmjs.org/@hono%2fzod-validator cache-miss
897 http fetch GET 200 https://registry.npmjs.org/tldts-core/-/tldts-core-6.1.86.tgz 4951ms (cache miss)
898 http fetch GET 200 https://registry.npmjs.org/@asamuzakjp/css-color/-/css-color-3.2.0.tgz 4842ms (cache miss)
899 http fetch GET 200 https://registry.npmjs.org/cssstyle/-/cssstyle-4.6.0.tgz 4908ms (cache miss)
900 http fetch GET 200 https://registry.npmjs.org/react-dom/-/react-dom-19.2.7.tgz 4971ms (cache miss)
901 http fetch GET 200 https://registry.npmjs.org/concurrently/-/concurrently-10.0.3.tgz 4942ms (cache miss)
902 http fetch GET 200 https://registry.npmjs.org/entities/-/entities-6.0.1.tgz 4965ms (cache miss)
903 http fetch GET 200 https://registry.npmjs.org/@esbuild/win32-x64/-/win32-x64-0.21.5.tgz 4917ms (cache miss)
904 http fetch GET 200 https://registry.npmjs.org/vitest/-/vitest-2.1.9.tgz 5080ms (cache miss)
905 http fetch GET 200 https://registry.npmjs.org/@esbuild/win32-x64/-/win32-x64-0.28.0.tgz 5018ms (cache miss)
906 http fetch GET 200 https://registry.npmjs.org/jose/-/jose-6.2.3.tgz 5133ms (cache miss)
907 http fetch GET 200 https://registry.npmjs.org/@hono%2fzod-validator 405ms (cache miss)
908 silly packumentCache corgi:https://registry.npmjs.org/@hono%2fzod-validator set size:undefined disposed:false
909 silly packumentCache corgi:https://registry.npmjs.org/express-rate-limit cache-miss
910 http fetch GET 200 https://registry.npmjs.org/@babel/core/-/core-7.29.7.tgz 5265ms (cache miss)
911 http fetch GET 200 https://registry.npmjs.org/express-rate-limit 46ms (cache miss)
912 silly packumentCache corgi:https://registry.npmjs.org/express-rate-limit set size:undefined disposed:false
913 http fetch GET 200 https://registry.npmjs.org/zod-to-json-schema/-/zod-to-json-schema-3.25.2.tgz 5459ms (cache miss)
914 silly packumentCache corgi:https://registry.npmjs.org/concurrently cache-miss
915 http fetch GET 200 https://registry.npmjs.org/concurrently 224ms (cache miss)
916 silly packumentCache corgi:https://registry.npmjs.org/concurrently set size:undefined disposed:false
917 silly packumentCache corgi:https://registry.npmjs.org/@vitejs%2fplugin-react cache-miss
918 silly packumentCache corgi:https://registry.npmjs.org/vite-node cache-miss
919 http fetch GET 200 https://registry.npmjs.org/@vitejs%2fplugin-react 164ms (cache miss)
920 silly packumentCache corgi:https://registry.npmjs.org/@vitejs%2fplugin-react set size:undefined disposed:false
921 http fetch GET 200 https://registry.npmjs.org/vite-node 493ms (cache miss)
922 silly packumentCache corgi:https://registry.npmjs.org/vite-node set size:undefined disposed:false
923 http fetch GET 200 https://registry.npmjs.org/@babel/types/-/types-7.29.7.tgz 6453ms (cache miss)
924 http fetch GET 200 https://registry.npmjs.org/@babel/runtime/-/runtime-7.29.7.tgz 6583ms (cache miss)
925 http fetch GET 200 https://registry.npmjs.org/aria-query/-/aria-query-5.3.0.tgz 6703ms (cache miss)
926 http fetch GET 200 https://registry.npmjs.org/@babel/helpers/-/helpers-7.29.7.tgz 7130ms (cache miss)
927 http fetch GET 200 https://registry.npmjs.org/typescript/-/typescript-5.9.3.tgz 7838ms (cache miss)
928 http fetch GET 200 https://registry.npmjs.org/@testing-library/user-event/-/user-event-14.6.1.tgz 10383ms (cache miss)
929 http fetch GET 200 https://registry.npmjs.org/ajv/-/ajv-8.20.0.tgz 10847ms (cache miss)
930 http fetch GET 200 https://registry.npmjs.org/zod/-/zod-3.25.76.tgz 11409ms (cache miss)
931 http fetch GET 200 https://registry.npmjs.org/jsdom/-/jsdom-25.0.1.tgz 11464ms (cache miss)
932 http fetch GET 200 https://registry.npmjs.org/hono/-/hono-4.12.25.tgz 11477ms (cache miss)
933 http fetch GET 200 https://registry.npmjs.org/caniuse-lite/-/caniuse-lite-1.0.30001797.tgz 11760ms (cache miss)
934 http fetch GET 200 https://registry.npmjs.org/@modelcontextprotocol/sdk/-/sdk-1.29.0.tgz 11940ms (cache miss)
935 http fetch GET 200 https://registry.npmjs.org/rxjs/-/rxjs-7.8.2.tgz 15775ms (cache miss)
936 info run esbuild@0.28.0 postinstall node_modules/esbuild node install.js
937 info run esbuild@0.21.5 postinstall node_modules/vite/node_modules/esbuild node install.js
938 info run esbuild@0.21.5 postinstall { code: 0, signal: null }
939 info run esbuild@0.28.0 postinstall { code: 0, signal: null }
940 silly ADD node_modules/@agentfactory/web
941 silly ADD node_modules/@agentfactory/watcher
942 silly ADD node_modules/@agentfactory/reviewer
943 silly ADD node_modules/@agentfactory/mcp
944 silly ADD node_modules/@agentfactory/dispatcher
945 silly ADD node_modules/@agentfactory/core
946 silly ADD node_modules/zod-to-json-schema
947 silly ADD node_modules/zod
948 silly ADD node_modules/yargs-parser
949 silly ADD node_modules/yargs
950 silly ADD node_modules/yallist
951 silly ADD node_modules/y18n
952 silly ADD node_modules/xmlchars
953 silly ADD node_modules/xml-name-validator
954 silly ADD node_modules/ws
955 silly ADD node_modules/wrappy
956 silly ADD node_modules/wrap-ansi
957 silly ADD node_modules/wrap-ansi/node_modules/ansi-styles
958 silly ADD node_modules/why-is-node-running
959 silly ADD node_modules/which
960 silly ADD node_modules/whatwg-url
961 silly ADD node_modules/whatwg-mimetype
962 silly ADD node_modules/whatwg-encoding
963 silly ADD node_modules/whatwg-encoding/node_modules/iconv-lite
964 silly ADD node_modules/webidl-conversions
965 silly ADD node_modules/w3c-xmlserializer
966 silly ADD node_modules/vitest
967 silly ADD node_modules/vite-node
968 silly ADD node_modules/vite
969 silly ADD node_modules/vite/node_modules/esbuild
970 silly ADD node_modules/vite/node_modules/@esbuild/win32-x64
971 silly ADD node_modules/vary
972 silly ADD node_modules/update-browserslist-db
973 silly ADD node_modules/unpipe
974 silly ADD node_modules/undici-types
975 silly ADD node_modules/typescript
976 silly ADD node_modules/type-is
977 silly ADD node_modules/type-is/node_modules/content-type
978 silly ADD node_modules/tsx
979 silly ADD node_modules/tslib
980 silly ADD node_modules/tree-kill
981 silly ADD node_modules/tr46
982 silly ADD node_modules/tough-cookie
983 silly ADD node_modules/toidentifier
984 silly ADD node_modules/tldts-core
985 silly ADD node_modules/tldts
986 silly ADD node_modules/tinyspy
987 silly ADD node_modules/tinyrainbow
988 silly ADD node_modules/tinypool
989 silly ADD node_modules/tinyexec
990 silly ADD node_modules/tinybench
991 silly ADD node_modules/symbol-tree
992 silly ADD node_modules/supports-color
993 silly ADD node_modules/strip-indent
994 silly ADD node_modules/strip-ansi
995 silly ADD node_modules/strip-ansi/node_modules/ansi-regex
996 silly ADD node_modules/string-width
997 silly ADD node_modules/std-env
998 silly ADD node_modules/statuses
999 silly ADD node_modules/stackback
1000 silly ADD node_modules/source-map-js
1001 silly ADD node_modules/siginfo
1002 silly ADD node_modules/side-channel-weakmap
1003 silly ADD node_modules/side-channel-map
1004 silly ADD node_modules/side-channel-list
1005 silly ADD node_modules/side-channel
1006 silly ADD node_modules/shell-quote
1007 silly ADD node_modules/shebang-regex
1008 silly ADD node_modules/shebang-command
1009 silly ADD node_modules/setprototypeof
1010 silly ADD node_modules/serve-static
1011 silly ADD node_modules/send
1012 silly ADD node_modules/semver
1013 silly ADD node_modules/scheduler
1014 silly ADD node_modules/saxes
1015 silly ADD node_modules/safer-buffer
1016 silly ADD node_modules/rxjs
1017 silly ADD node_modules/rrweb-cssom
1018 silly ADD node_modules/router
1019 silly ADD node_modules/rollup
1020 silly ADD node_modules/require-from-string
1021 silly ADD node_modules/redent
1022 silly ADD node_modules/react-refresh
1023 silly ADD node_modules/react-is
1024 silly ADD node_modules/react-dom
1025 silly ADD node_modules/react
1026 silly ADD node_modules/raw-body
1027 silly ADD node_modules/range-parser
1028 silly ADD node_modules/qs
1029 silly ADD node_modules/punycode
1030 silly ADD node_modules/proxy-addr
1031 silly ADD node_modules/pretty-format
1032 silly ADD node_modules/postcss
1033 silly ADD node_modules/pkce-challenge
1034 silly ADD node_modules/picocolors
1035 silly ADD node_modules/pathval
1036 silly ADD node_modules/pathe
1037 silly ADD node_modules/path-to-regexp
1038 silly ADD node_modules/path-key
1039 silly ADD node_modules/parseurl
1040 silly ADD node_modules/parse5
1041 silly ADD node_modules/once
1042 silly ADD node_modules/on-finished
1043 silly ADD node_modules/object-inspect
1044 silly ADD node_modules/object-assign
1045 silly ADD node_modules/nwsapi
1046 silly ADD node_modules/node-releases
1047 silly ADD node_modules/negotiator
1048 silly ADD node_modules/nanoid
1049 silly ADD node_modules/ms
1050 silly ADD node_modules/min-indent
1051 silly ADD node_modules/mime-types
1052 silly ADD node_modules/mime-db
1053 silly ADD node_modules/merge-descriptors
1054 silly ADD node_modules/media-typer
1055 silly ADD node_modules/math-intrinsics
1056 silly ADD node_modules/magic-string
1057 silly ADD node_modules/lz-string
1058 silly ADD node_modules/lru-cache
1059 silly ADD node_modules/loupe
1060 silly ADD node_modules/json5
1061 silly ADD node_modules/json-schema-typed
1062 silly ADD node_modules/json-schema-traverse
1063 silly ADD node_modules/jsesc
1064 silly ADD node_modules/jsdom
1065 silly ADD node_modules/js-tokens
1066 silly ADD node_modules/jose
1067 silly ADD node_modules/isexe
1068 silly ADD node_modules/is-promise
1069 silly ADD node_modules/is-potential-custom-element-name
1070 silly ADD node_modules/ipaddr.js
1071 silly ADD node_modules/ip-address
1072 silly ADD node_modules/inherits
1073 silly ADD node_modules/indent-string
1074 silly ADD node_modules/iconv-lite
1075 silly ADD node_modules/https-proxy-agent
1076 silly ADD node_modules/http-proxy-agent
1077 silly ADD node_modules/http-errors
1078 silly ADD node_modules/html-encoding-sniffer
1079 silly ADD node_modules/hono
1080 silly ADD node_modules/hasown
1081 silly ADD node_modules/has-tostringtag
1082 silly ADD node_modules/has-symbols
1083 silly ADD node_modules/gopd
1084 silly ADD node_modules/get-proto
1085 silly ADD node_modules/get-intrinsic
1086 silly ADD node_modules/get-east-asian-width
1087 silly ADD node_modules/get-caller-file
1088 silly ADD node_modules/gensync
1089 silly ADD node_modules/function-bind
1090 silly ADD node_modules/fresh
1091 silly ADD node_modules/forwarded
1092 silly ADD node_modules/form-data
1093 silly ADD node_modules/form-data/node_modules/mime-types
1094 silly ADD node_modules/form-data/node_modules/mime-db
1095 silly ADD node_modules/finalhandler
1096 silly ADD node_modules/fast-uri
1097 silly ADD node_modules/fast-deep-equal
1098 silly ADD node_modules/express-rate-limit
1099 silly ADD node_modules/express
1100 silly ADD node_modules/expect-type
1101 silly ADD node_modules/eventsource-parser
1102 silly ADD node_modules/eventsource
1103 silly ADD node_modules/etag
1104 silly ADD node_modules/estree-walker
1105 silly ADD node_modules/escape-html
1106 silly ADD node_modules/escalade
1107 silly ADD node_modules/esbuild
1108 silly ADD node_modules/es-set-tostringtag
1109 silly ADD node_modules/es-object-atoms
1110 silly ADD node_modules/es-module-lexer
1111 silly ADD node_modules/es-errors
1112 silly ADD node_modules/es-define-property
1113 silly ADD node_modules/entities
1114 silly ADD node_modules/encodeurl
1115 silly ADD node_modules/emoji-regex
1116 silly ADD node_modules/electron-to-chromium
1117 silly ADD node_modules/ee-first
1118 silly ADD node_modules/dunder-proto
1119 silly ADD node_modules/dom-accessibility-api
1120 silly ADD node_modules/dequal
1121 silly ADD node_modules/depd
1122 silly ADD node_modules/delayed-stream
1123 silly ADD node_modules/deep-eql
1124 silly ADD node_modules/decimal.js
1125 silly ADD node_modules/debug
1126 silly ADD node_modules/data-urls
1127 silly ADD node_modules/csstype
1128 silly ADD node_modules/cssstyle
1129 silly ADD node_modules/cssstyle/node_modules/rrweb-cssom
1130 silly ADD node_modules/css.escape
1131 silly ADD node_modules/cross-spawn
1132 silly ADD node_modules/cors
1133 silly ADD node_modules/cookie-signature
1134 silly ADD node_modules/cookie
1135 silly ADD node_modules/convert-source-map
1136 silly ADD node_modules/content-type
1137 silly ADD node_modules/content-disposition
1138 silly ADD node_modules/concurrently
1139 silly ADD node_modules/combined-stream
1140 silly ADD node_modules/cliui
1141 silly ADD node_modules/check-error
1142 silly ADD node_modules/chalk
1143 silly ADD node_modules/chai
1144 silly ADD node_modules/caniuse-lite
1145 silly ADD node_modules/call-bound
1146 silly ADD node_modules/call-bind-apply-helpers
1147 silly ADD node_modules/cac
1148 silly ADD node_modules/bytes
1149 silly ADD node_modules/browserslist
1150 silly ADD node_modules/body-parser
1151 silly ADD node_modules/baseline-browser-mapping
1152 silly ADD node_modules/asynckit
1153 silly ADD node_modules/assertion-error
1154 silly ADD node_modules/aria-query
1155 silly ADD node_modules/ansi-styles
1156 silly ADD node_modules/ansi-regex
1157 silly ADD node_modules/ajv-formats
1158 silly ADD node_modules/ajv
1159 silly ADD node_modules/agent-base
1160 silly ADD node_modules/accepts
1161 silly ADD node_modules/@vitest/utils
1162 silly ADD node_modules/@vitest/spy
1163 silly ADD node_modules/@vitest/snapshot
1164 silly ADD node_modules/@vitest/runner
1165 silly ADD node_modules/@vitest/pretty-format
1166 silly ADD node_modules/@vitest/mocker
1167 silly ADD node_modules/@vitest/expect
1168 silly ADD node_modules/@vitejs/plugin-react
1169 silly ADD node_modules/@types/react-dom
1170 silly ADD node_modules/@types/react
1171 silly ADD node_modules/@types/node
1172 silly ADD node_modules/@types/estree
1173 silly ADD node_modules/@types/babel__traverse
1174 silly ADD node_modules/@types/babel__template
1175 silly ADD node_modules/@types/babel__generator
1176 silly ADD node_modules/@types/babel__core
1177 silly ADD node_modules/@types/aria-query
1178 silly ADD node_modules/@testing-library/user-event
1179 silly ADD node_modules/@testing-library/react
1180 silly ADD node_modules/@testing-library/jest-dom
1181 silly ADD node_modules/@testing-library/jest-dom/node_modules/dom-accessibility-api
1182 silly ADD node_modules/@testing-library/dom
1183 silly ADD node_modules/@rollup/rollup-win32-x64-msvc
1184 silly ADD node_modules/@rollup/rollup-win32-x64-gnu
1185 silly ADD node_modules/@rolldown/pluginutils
1186 silly ADD node_modules/@modelcontextprotocol/sdk
1187 silly ADD node_modules/@jridgewell/trace-mapping
1188 silly ADD node_modules/@jridgewell/sourcemap-codec
1189 silly ADD node_modules/@jridgewell/resolve-uri
1190 silly ADD node_modules/@jridgewell/remapping
1191 silly ADD node_modules/@jridgewell/gen-mapping
1192 silly ADD node_modules/@hono/zod-validator
1193 silly ADD node_modules/@hono/node-server
1194 silly ADD node_modules/@esbuild/win32-x64
1195 silly ADD node_modules/@csstools/css-tokenizer
1196 silly ADD node_modules/@csstools/css-parser-algorithms
1197 silly ADD node_modules/@csstools/css-color-parser
1198 silly ADD node_modules/@csstools/css-calc
1199 silly ADD node_modules/@csstools/color-helpers
1200 silly ADD node_modules/@babel/types
1201 silly ADD node_modules/@babel/traverse
1202 silly ADD node_modules/@babel/template
1203 silly ADD node_modules/@babel/runtime
1204 silly ADD node_modules/@babel/plugin-transform-react-jsx-source
1205 silly ADD node_modules/@babel/plugin-transform-react-jsx-self
1206 silly ADD node_modules/@babel/parser
1207 silly ADD node_modules/@babel/helpers
1208 silly ADD node_modules/@babel/helper-validator-option
1209 silly ADD node_modules/@babel/helper-validator-identifier
1210 silly ADD node_modules/@babel/helper-string-parser
1211 silly ADD node_modules/@babel/helper-plugin-utils
1212 silly ADD node_modules/@babel/helper-module-transforms
1213 silly ADD node_modules/@babel/helper-module-imports
1214 silly ADD node_modules/@babel/helper-globals
1215 silly ADD node_modules/@babel/helper-compilation-targets
1216 silly ADD node_modules/@babel/generator
1217 silly ADD node_modules/@babel/core
1218 silly ADD node_modules/@babel/compat-data
1219 silly ADD node_modules/@babel/code-frame
1220 silly ADD node_modules/@asamuzakjp/css-color
1221 silly ADD node_modules/@asamuzakjp/css-color/node_modules/lru-cache
1222 silly ADD node_modules/@adobe/css-tools
1223 verbose cwd C:\Git\AgentFactory\.worktrees\AF-153
1224 verbose os Windows_NT 10.0.26200
1225 verbose node v26.1.0
1226 verbose npm  v11.13.0
1227 notice
1227 notice New major version of npm available! 11.13.0 -> 12.0.2
1227 notice Changelog: https://github.com/npm/cli/releases/tag/v12.0.2
1227 notice To update run: npm install -g npm@12.0.2
1227 notice  { force: true, Symbol(proc-log.meta): true }
1228 verbose exit 0
1229 info ok
